x,y,z,x_quat,y_quat,z_quat,w_quat,speed
89669.82634826488,43133.24935924902,0.0,0.0,0.0,-0.8641775047575619,0.5031870827743832,6.0
89668.2388975564,43130.45242228646,0.0,0.0,0.0,-0.8567052353123144,0.5158063006482879,6.0
89666.87822552054,43127.882263996544,0.0,0.0,0.0,-0.8760856354219352,0.4821555344568223,6.0
89665.44196059382,43125.61447727014,0.0,0.0,0.0,-0.8683274209497469,0.4959914213237574,6.0
89664.23692203376,43123.69383370666,0.0,0.0,0.0,-0.9657707506138884,0.2593971034122904,6.0
89663.075723032,43122.484260376725,0.0,0.0,0.0,-0.9631029454644277,0.2688418418171965,6.0
89662.04200554076,43121.51808991071,0.0,0.0,0.0,-0.961615003225158,0.2741095523223472,8.0
89661.07778375562,43120.832222365934,0.0,0.0,0.0,-0.958760558299818,0.2842150450778798,8.0
89660.22381099984,43120.19964995424,0.0,0.0,0.0,-0.9617559588232164,0.2732131265398539,8.0
89659.3065810029,43119.53544892196,0.0,0.0,0.0,-0.9648258532312572,0.2619375966286534,8.0
89658.30500801769,43118.86070501615,0.0,0.0,0.0,-0.9669975324690612,0.2539611547877697,8.0
89657.19105326472,43118.185480478445,0.0,0.0,0.0,-0.9705122143351904,0.2410519483974468,8.0
89655.84322500958,43117.63199259753,0.0,0.0,0.0,0.5373737334947141,0.1297434063280354,8.0
89654.10733239073,43117.38471137729,0.0,0.0,0.0,0.7347199650958383,0.1151757784818931,8.0
89650.87561147023,43118.114929657175,0.0,0.0,0.0,0.9953877060263016,0.0959339079350832,8.0
89649.77587224529,43118.42476625544,0.0,0.0,0.0,0.993400879551037,0.1112352060193314,8.0
89648.67613302036,43118.73460285371,0.0,0.0,0.0,0.8916850547013737,0.4506420348874019,10.0
89647.57639379542,43119.04443945197,0.0,0.0,0.0,0.8881523612684369,0.4580532625797036,10.0
89646.47665457049,43119.35427605024,0.0,0.0,0.0,0.8807548517288327,0.473572477194486,10.0
89645.37691534555,43119.664112648505,0.0,0.0,0.0,0.8807548517288211,0.4735724771945077,10.0
89644.27717612061,43119.97394924677,0.0,0.0,0.0,0.8807548517288114,0.4735724771945259,12.0
89643.17743689568,43120.28378584504,0.0,0.0,0.0,0.8807548517288057,0.4735724771945364,12.0
89642.07769767074,43120.59362244331,0.0,0.0,0.0,0.8807548517288029,0.4735724771945419,12.0
89640.97795844582,43120.903459041576,0.0,0.0,0.0,0.880754851728798,0.4735724771945508,12.0
89640.112040786,43121.11693352143,0.0,0.0,0.0,0.8807548517287959,0.4735724771945548,12.0
89639.70424653495,43121.24399463894,0.0,0.0,0.0,0.8807548517287953,0.4735724771945557,12.0
89639.30898589674,43121.40214226901,0.0,0.0,0.0,0.880754851728795,0.4735724771945565,12.0
89638.95171883829,43121.63224468964,0.0,0.0,0.0,0.8807548517287946,0.4735724771945571,12.0
89638.62048485436,43121.90183490766,0.0,0.0,0.0,0.8807548517287942,0.4735724771945578,12.0
89638.29377874066,43122.176977480005,0.0,0.0,0.0,0.8807548517287938,0.4735724771945588,12.0
89637.96746157967,43122.45258188711,0.0,0.0,0.0,0.8807548517287933,0.4735724771945594,12.0
89637.64114441868,43122.72818629422,0.0,0.0,0.0,0.8807548517287931,0.4735724771945598,12.0
89637.3148272577,43123.003790701325,0.0,0.0,0.0,0.8807548517287928,0.4735724771945603,12.0
89636.9885100967,43123.27939510843,0.0,0.0,0.0,0.8807548517287924,0.4735724771945609,11.999999999999998
89636.6621929357,43123.55499951553,0.0,0.0,0.0,0.8807548517287921,0.4735724771945616,12.0
89636.3358757747,43123.83060392262,0.0,0.0,0.0,0.8807548517287916,0.4735724771945625,12.0
89636.0095586137,43124.10620832972,0.0,0.0,0.0,0.8807548517287915,0.4735724771945629,12.0
89635.68324145272,43124.38181273684,0.0,0.0,0.0,0.8807548517287912,0.4735724771945634,12.0
89635.35689509567,43124.65738256421,0.0,0.0,0.0,0.8800806934516261,0.4745536838367624,12.0
89635.03016995847,43124.932502191165,0.0,0.0,0.0,0.8795126170906711,0.4753804930854586,12.0
89634.70213657642,43125.20605782864,0.0,0.0,0.0,0.8788233134302548,0.4763837431426064,12.0
89634.37247330774,43125.47765055128,0.0,0.0,0.0,0.8783477883594566,0.4770758482072529,12.0
89634.04362968313,43125.75021312551,0.0,0.0,0.0,0.8779389346451996,0.47767091615154,12.0
89633.72150269174,43126.03059628009,0.0,0.0,0.0,0.8772200296994624,0.4787172495301541,12.0
89633.41198986501,43126.32481668864,0.0,0.0,0.0,0.8763936476829963,0.479920010886078,12.0
89633.11640020169,43126.63308914652,0.0,0.0,0.0,0.87589196357436,0.4806501892378881,12.0
89632.83047753864,43126.95039501932,0.0,0.0,0.0,0.8754204986693035,0.4813363849163725,12.0
89632.54862680458,43127.27133209702,0.0,0.0,0.0,0.8751207471708268,0.4817726595588069,12.0
89632.26763015281,43127.59301759474,0.0,0.0,0.0,0.8744169827862134,0.4827969565408591,12.0
89631.98668619657,43127.91474911671,0.0,0.0,0.0,0.8737482249819972,0.4837703030408512,12.405656835695844
89631.70574224033,43128.23648063868,0.0,0.0,0.0,0.8730046931850497,0.4848524796788341,12.856670272978144
89631.42479828409,43128.55821216064,0.0,0.0,0.0,0.872290409154947,0.485892087525378,13.289942524326417
89631.14385432785,43128.8799436826,0.0,0.0,0.0,0.8715557623391655,0.4869613324782788,13.735566486790963
89630.86291037162,43129.201675204575,0.0,0.0,0.0,0.8711198225001351,0.4875958230425044,14.0
89630.58401884191,43129.525184081824,0.0,0.0,0.0,0.8706870127534165,0.4882257579000492,14.0
89630.32001094882,43129.860883842295,0.0,0.0,0.0,0.8702993475160371,0.4887899869820771,14.0
89630.09159150794,43130.22178821872,0.0,0.0,0.0,0.8698485626788819,0.4894460837643925,14.0
89629.86906022295,43130.63691296583,0.0,0.0,0.0,0.8696807060299091,0.4896903914655481,14.0
89629.75848198423,43130.81609160617,0.0,0.0,0.0,0.869039654818954,0.4906234122820008,14.0
89629.64790374553,43130.99527024651,0.0,0.0,0.0,0.8687117364392059,0.4911006825361925,14.0
89629.53732550683,43131.17444888686,0.0,0.0,0.0,0.8683792964897217,0.4915845337290278,14.0
89629.42674726812,43131.3536275272,0.0,0.0,0.0,0.8676939511464198,0.4925820226360479,14.0
89629.31616902942,43131.532806167554,0.0,0.0,0.0,0.8671781725538941,0.4933327148666889,14.0
89629.20559079072,43131.711984807895,0.0,0.0,0.0,0.8665294771453848,0.4942768614642356,14.000000000000002
89629.09501255202,43131.89116344825,0.0,0.0,0.0,0.8656601849921035,0.4955420765683175,14.000000000000002
89628.98443431332,43132.07034208859,0.0,0.0,0.0,0.8649821997236136,0.4965288532219434,14.0
89628.87385607461,43132.24952072893,0.0,0.0,0.0,0.864606950872784,0.4970750108193252,14.0
89628.76327783591,43132.42869936928,0.0,0.0,0.0,0.864196745683709,0.4976720457736053,14.0
89628.65269959721,43132.60787800963,0.0,0.0,0.0,0.8636496766594225,0.4984682798013597,14.0
89628.5421213585,43132.78705664998,0.0,0.0,0.0,0.8630849462403714,0.4992902191841332,14.0
89628.4315431198,43132.966235290325,0.0,0.0,0.0,0.8626937238988948,0.4998596254690308,14.0
89628.3209648811,43133.14541393067,0.0,0.0,0.0,0.8623164307106548,0.5004087585063263,14.0
89628.2103866424,43133.32459257101,0.0,0.0,0.0,0.8617878323740947,0.5011781092900459,14.0
89628.09980840368,43133.50377121136,0.0,0.0,0.0,0.8612249471129438,0.5019973631296037,14.0
89627.98923016498,43133.6829498517,0.0,0.0,0.0,0.8602808956202028,0.5033713870445078,14.000000000000002
89627.8786519263,43133.86212849205,0.0,0.0,0.0,0.859758038158133,0.5041323822470937,14.000000000000002
89627.76807368759,43134.0413071324,0.0,0.0,0.0,0.8591516026556612,0.5050150214777397,14.000000000000002
89627.65749544889,43134.22048577275,0.0,0.0,0.0,0.8587894805698459,0.5055420736670017,14.000000000000002
89627.54691721019,43134.3996644131,0.0,0.0,0.0,0.8581240509946162,0.5065105760814148,14.0
89627.43633897147,43134.57884305344,0.0,0.0,0.0,0.8572582861449696,0.5077706573558416,14.0
89627.32576073277,43134.758021693786,0.0,0.0,0.0,0.8569291280831878,0.5082497319107248,14.0
89627.21518249408,43134.93720033413,0.0,0.0,0.0,0.8564247770189135,0.5089837918948976,14.0
89627.10460425536,43135.11637897448,0.0,0.0,0.0,0.856154708640934,0.5093768641084968,14.0
89626.99402601666,43135.29555761483,0.0,0.0,0.0,0.8557484300464937,0.5099681840832723,14.0
89626.88344777797,43135.47473625518,0.0,0.0,0.0,0.8552798636540887,0.5106501611087156,14.0
89626.77286953926,43135.65391489552,0.0,0.0,0.0,0.8544666088084489,0.5118338164658787,14.0
89626.66229130056,43135.83309353586,0.0,0.0,0.0,0.8539710046550115,0.5125551457200399,13.999999999999998
89626.55171306185,43136.01227217621,0.0,0.0,0.0,0.8532167987528207,0.5136528580316458,13.999999999999998
89626.44113482315,43136.19145081656,0.0,0.0,0.0,0.8525240113487329,0.5146611785189077,14.0
89626.33055658445,43136.370629456906,0.0,0.0,0.0,0.8515337573425954,0.5161024480860072,14.0
89626.21997834575,43136.54980809725,0.0,0.0,0.0,0.8509458294601764,0.5169581503193008,14.0
89626.10940010705,43136.7289867376,0.0,0.0,0.0,0.8504199566148852,0.5177235342747147,14.0
89625.99882186834,43136.90816537794,0.0,0.0,0.0,0.8499921396168446,0.5183462024141438,14.0
89625.88824362964,43137.0873440183,0.0,0.0,0.0,0.849214491625365,0.5194780336181469,14.0
89625.77766539094,43137.26652265864,0.0,0.0,0.0,0.8487803601852983,0.520109892140113,14.0
89625.66708715224,43137.44570129898,0.0,0.0,0.0,0.8478929364235015,0.5214014969738945,14.0
89625.55650891353,43137.62487993933,0.0,0.0,0.0,0.8469078379225972,0.5228352629381309,14.0
89625.44593067483,43137.80405857968,0.0,0.0,0.0,0.8460484722884597,0.5240860304460804,14.0
89625.33535243613,43137.983237220025,0.0,0.0,0.0,0.8455507864901127,0.5248103894395196,14.234896751623852
89625.22477419743,43138.16241586037,0.0,0.0,0.0,0.8448922580161562,0.5257688476156033,14.545707708854325
89625.11419595874,43138.34159450072,0.0,0.0,0.0,0.8441666589946055,0.5268249239164273,14.888174489521589
89625.00361772004,43138.52077314107,0.0,0.0,0.0,0.843455995276529,0.5278592625638421,15.223592135408962
89624.89303948134,43138.69995178142,0.0,0.0,0.0,0.8429252994421538,0.5286316661600214,15.474068898075554
89624.78246124262,43138.87913042176,0.0,0.0,0.0,0.8423080285814507,0.529530075760664,15.765407169195305
89624.67188300392,43139.05830906211,0.0,0.0,0.0,0.8418109867131475,0.5302534975432772,16.0
89624.56130476522,43139.23748770245,0.0,0.0,0.0,0.84132391610997,0.5309624066040207,16.0
89624.45072652651,43139.4166663428,0.0,0.0,0.0,0.840833327615523,0.531676435795151,16.0
89624.34014828781,43139.595844983145,0.0,0.0,0.0,0.8402536636313473,0.5325201103012452,16.0
89624.22957004911,43139.77502362349,0.0,0.0,0.0,0.8396032705879601,0.533466727728973,16.0
89624.1189918104,43139.95420226384,0.0,0.0,0.0,0.8391180329818027,0.5341729689461077,16.0
89624.0084135717,43140.13338090418,0.0,0.0,0.0,0.8387135602371749,0.5347616605887974,16.0
89623.89783533299,43140.31255954452,0.0,0.0,0.0,0.8380798507444145,0.5356839958690757,16.0
89623.78725709429,43140.49173818487,0.0,0.0,0.0,0.8374105343316025,0.536658155398416,16.0
89623.67667885558,43140.67091682522,0.0,0.0,0.0,0.8368271094403825,0.5375073037332795,16.0
89623.5661006169,43140.85009546557,0.0,0.0,0.0,0.8364365057432606,0.5380758096095185,16.0
89623.4555223782,43141.02927410592,0.0,0.0,0.0,0.8361262501019615,0.5385273725530197,16.0
89623.34494413949,43141.208452746265,0.0,0.0,0.0,0.8355209798872085,0.5394083157605083,16.0
89623.23436590077,43141.38763138661,0.0,0.0,0.0,0.8349111173815088,0.5402959428381391,16.0
89623.12378766207,43141.56681002696,0.0,0.0,0.0,0.834274246301633,0.5412228796643489,16.0
89623.01320942338,43141.7459886673,0.0,0.0,0.0,0.8337232397332156,0.5420248446081006,16.0
89622.90263118467,43141.92516730765,0.0,0.0,0.0,0.8332249270760355,0.5427501159659975,16.0
89622.79205294597,43142.104345948,0.0,0.0,0.0,0.8325766739956013,0.5436936187751934,16.0
89622.68147470728,43142.28352458835,0.0,0.0,0.0,0.8320143309685284,0.5445120834177674,16.0
89622.57089646858,43142.462703228695,0.0,0.0,0.0,0.8317133088044848,0.5449502074560134,16.0
89622.46031822986,43142.64188186904,0.0,0.0,0.0,0.8306655925160069,0.5464751107557511,16.0
89622.34973999116,43142.82106050938,0.0,0.0,0.0,0.8298420877822213,0.5476736843578888,16.0
89622.23916175246,43143.00023914973,0.0,0.0,0.0,0.8292133186828461,0.5485888291207934,16.0
89622.12858351375,43143.17941779008,0.0,0.0,0.0,0.8285085537973813,0.5496145822862291,16.0
89622.01800527505,43143.35859643042,0.0,0.0,0.0,0.8276207503932826,0.5509067396720755,16.0
89621.90742703635,43143.53777507077,0.0,0.0,0.0,0.82676926758822,0.55214603408163,16.0
89621.79684879765,43143.71695371112,0.0,0.0,0.0,0.8259859643374913,0.553286096257686,16.0
89621.68627055894,43143.89613235146,0.0,0.0,0.0,0.8254547997269442,0.5540591821362152,16.0
89621.57569232024,43144.0753109918,0.0,0.0,0.0,0.8247892027437481,0.5550279282052925,16.0
89621.46511408154,43144.25448963215,0.0,0.0,0.0,0.82434564771792,0.5556735023267786,16.0
89621.35453584284,43144.4336682725,0.0,0.0,0.0,0.8234627478966698,0.5569585227713094,16.0
89621.24395760414,43144.612846912845,0.0,0.0,0.0,0.8226547981936945,0.5581344567351489,16.0
89621.13337936543,43144.79202555319,0.0,0.0,0.0,0.8217396386042454,0.5594664298017937,16.0
89621.02280112673,43144.97120419354,0.0,0.0,0.0,0.821201201626755,0.5602501002789116,16.0
89620.91222288803,43145.15038283389,0.0,0.0,0.0,0.8203288432923381,0.5615197780698703,16.0
89620.80164464934,43145.32956147424,0.0,0.0,0.0,0.8196119075499342,0.5625632453627954,16.0
89620.69106641063,43145.50874011458,0.0,0.0,0.0,0.8190689747701335,0.5633534592752438,16.0
89620.58048817191,43145.68791875492,0.0,0.0,0.0,0.8183277001216602,0.5644323507365104,16.0
89620.46990993322,43145.86709739527,0.0,0.0,0.0,0.8172452245710562,0.5660078445578381,16.0
89620.35933169452,43146.04627603562,0.0,0.0,0.0,0.8163421672800234,0.5673222032807981,16.0
89620.24875345582,43146.225454675965,0.0,0.0,0.0,0.8153631575675752,0.5687471072909824,16.0
89620.13817521711,43146.40463331631,0.0,0.0,0.0,0.8145376659871234,0.5699485726578761,16.0
89620.02759697841,43146.58381195666,0.0,0.0,0.0,0.8140344121792381,0.5706810356353914,16.0
89619.91701873971,43146.76299059701,0.0,0.0,0.0,0.8135567812032236,0.5713762057490864,16.0
89619.80644050101,43146.94216923736,0.0,0.0,0.0,0.8131780770312749,0.571927392408853,16.0
89619.69586226229,43147.1213478777,0.0,0.0,0.0,0.8125329147122515,0.5728663967557017,16.0
89619.58528402359,43147.30052651805,0.0,0.0,0.0,0.8118326665129807,0.5738855760902667,16.0
89619.4747057849,43147.4797051584,0.0,0.0,0.0,0.8108485056235957,0.575317977403676,16.0
89619.3641275462,43147.65888379874,0.0,0.0,0.0,0.8099848327559594,0.576575013893646,16.0
89619.2535493075,43147.83806243909,0.0,0.0,0.0,0.8094736374378717,0.5773190353772626,16.0
89619.1429710688,43148.01724107943,0.0,0.0,0.0,0.8088750684644466,0.5781902252334616,16.0
89619.03239283008,43148.19641971978,0.0,0.0,0.0,0.8081534179882486,0.5792405546065119,16.0
89618.92181459138,43148.37559836012,0.0,0.0,0.0,0.8076965936880783,0.5799054415519481,16.0
89618.81123635267,43148.55477700047,0.0,0.0,0.0,0.8072508401867031,0.5805542154543796,16.0
89618.70065811397,43148.73395564082,0.0,0.0,0.0,0.8068078299135983,0.581198996713108,16.0
89618.59007987528,43148.91313428117,0.0,0.0,0.0,0.8063453902415996,0.5818720565762748,16.0
89618.47950163658,43149.09231292152,0.0,0.0,0.0,0.8060148634133473,0.5823531233083629,16.0
89618.36892339788,43149.27149156186,0.0,0.0,0.0,0.8056348735782176,0.5829061811922847,16.0
89618.25834515916,43149.450670202204,0.0,0.0,0.0,0.8053430885621186,0.5833308609827553,16.0
89618.14776692046,43149.62984884255,0.0,0.0,0.0,0.804718295251331,0.5842402191665993,16.0
89618.03718868176,43149.809027482894,0.0,0.0,0.0,0.8037650429307243,0.5856276344670596,16.33238199951581
89617.92661044306,43149.98820612324,0.0,0.0,0.0,0.8023334218488181,0.5877112936940667,16.831562612525094
89617.81603220435,43150.16738476359,0.0,0.0,0.0,0.8014279080605703,0.5890292277367483,17.147299041401947
89617.70545396565,43150.34656340394,0.0,0.0,0.0,0.800315977051458,0.5906475926352643,17.535009455678413
89617.59487572695,43150.52574204429,0.0,0.0,0.0,0.7989824111060084,0.5925885370808148,18.0
89617.48429748825,43150.70492068463,0.0,0.0,0.0,0.797946613416827,0.594096093402563,18.0
89617.37371924953,43150.88409932497,0.0,0.0,0.0,0.7971644922499664,0.595234435109432,18.0
89617.26314101083,43151.06327796532,0.0,0.0,0.0,0.7964990194085783,0.5962030004957665,18.0
89617.15256277214,43151.24245660567,0.0,0.0,0.0,0.7956251318320517,0.5974749040289082,18.0
89617.04198453344,43151.42163524601,0.0,0.0,0.0,0.7949791198191563,0.5984151450664562,18.0
89616.93140629474,43151.60081388636,0.0,0.0,0.0,0.7939698853492899,0.599884039833325,18.0
89616.82355586723,43151.80928600434,0.0,0.0,0.0,0.7933125379817765,0.6008407789628192,18.0
89616.71162720861,43152.06994335229,0.0,0.0,0.0,0.7926551906142238,0.6017975180923701,18.0
89616.60824439727,43152.33411406375,0.0,0.0,0.0,0.7913712767189613,0.603666196242167,18.0
89616.49591970471,43152.594544918335,0.0,0.0,0.0,0.7906480084554363,0.6047188802309281,18.0
89616.36538422968,43152.84641229741,0.0,0.0,0.0,0.7897961799692951,0.6059586777635353,18.0
89616.23048477467,43153.09596921799,0.0,0.0,0.0,0.7892000056581473,0.6068263822979458,18.0
89616.10095361494,43153.34835775484,0.0,0.0,0.0,0.7885487566367382,0.6077742455626667,18.0
89615.97462581338,43153.60236602153,0.0,0.0,0.0,0.7879298613327621,0.6086750194664459,18.0
89615.84532095426,43153.85487298939,0.0,0.0,0.0,0.7874703377558168,0.609343835086187,18.0
89615.71385754462,43154.1062606303,0.0,0.0,0.0,0.7868731523250331,0.6102130112591376,18.0
89615.57844837414,43154.35554227509,0.0,0.0,0.0,0.7859790364317215,0.6115143561852909,18.0
89615.43832309947,43154.602209731085,0.0,0.0,0.0,0.78523892643076,0.6125915525551926,18.0
89615.2993285195,43154.84950022656,0.0,0.0,0.0,0.7842351947064083,0.6140524383267967,18.0
89615.16863323923,43155.10128691478,0.0,0.0,0.0,0.7833965480375485,0.6152730503252185,18.0
89615.04216923424,43155.35522940767,0.0,0.0,0.0,0.783072515451436,0.6157446649839,18.0
89614.91607575493,43155.60935589004,0.0,0.0,0.0,0.7824917203511704,0.6165899857779035,18.0
89614.79078339199,43155.86387778985,0.0,0.0,0.0,0.7821225980215775,0.6171272265028909,18.0
89614.66290336696,43156.11709288063,0.0,0.0,0.0,0.7814652384508503,0.6180839833936063,18.0
89614.5250630316,43156.3649862755,0.0,0.0,0.0,0.7806589119291819,0.6192575548910435,18.0
89614.37154864335,43156.60352498304,0.0,0.0,0.0,0.779912104786715,0.6203444986451297,18.0
89614.20961574174,43156.8364290049,0.0,0.0,0.0,0.7792654617664895,0.6212856580850836,18.0
89614.05874916563,43157.076628944975,0.0,0.0,0.0,0.7788198687844554,0.6219341983589307,18.0
89613.92270109523,43157.32549802346,0.0,0.0,0.0,0.7783131747795247,0.6226716683864311,18.0
89613.80371178272,43157.58302101155,0.0,0.0,0.0,0.7779811421118568,0.6231549267991481,18.0
89613.68959419163,43157.842741633576,0.0,0.0,0.0,0.7775168757758932,0.6238306452884503,18.0
89613.57131413439,43158.10059629521,0.0,0.0,0.0,0.751979220609484,0.6320071413828965,18.070775886719822
89613.45572050626,43158.3596669796,0.0,0.0,0.0,0.7184792413457438,0.6427329675336971,18.16361881697465
89613.3427374849,43158.619876641584,0.0,0.0,0.0,0.6880038631204395,0.6524903947294303,18.24807926970466
89613.23669159437,43158.88300058201,0.0,0.0,0.0,0.6668584395028951,0.6592606119830362,18.306682383296955
89613.13082387611,43159.14619625951,0.0,0.0,0.0,0.6524222352919354,0.6638827108633123,18.3466913483817
89613.02570493448,43159.40967130116,0.0,0.0,0.0,0.6276012444077611,0.6718297496067787,18.415481048440096
89612.93224185304,43159.67745705268,0.0,0.0,0.0,0.5911338828335443,0.6835056547571678,18.51654787837922
89612.85895083942,43159.951438911536,0.0,0.0,0.0,0.5662421814382159,0.6914753331758322,18.58553354784416
89612.80667780827,43160.23024802219,0.0,0.0,0.0,0.5472976440740681,0.6975408836251464,18.638037053812397
89612.76573871454,43160.51096631313,0.0,0.0,0.0,0.5157270467156119,0.7076489716355244,18.7255328324091
89612.72863003831,43160.79221465014,0.0,0.0,0.0,0.5106475211963872,0.7092753042137875,18.739610394362085
89612.69921029483,43161.07421601939,0.0,0.0,0.0,0.4805975341277962,0.7188965321731844,18.8228919042282
89612.70372657408,43161.35761320092,0.0,0.0,0.0,0.4561273525276059,0.7267312508652717,18.890709360046404
89612.7480476522,43161.63762129418,0.0,0.0,0.0,0.420253468397129,0.7382171399014459,18.990131407328107
89612.8212487938,43161.91170397231,0.0,0.0,0.0,0.3964846316757135,0.7458273061189699,19.056005133177045
89612.89263760927,43162.186260301,0.0,0.0,0.0,0.3898279471083367,0.7479586041967475,19.074453684925444
89613.02698496329,43162.552478952486,0.0,0.0,0.0,0.3635607822947662,0.7563686703954968,19.14725135836813
89613.16457570065,43162.90809513222,0.0,0.0,0.0,0.3416576031145348,0.763381501364359,19.207954540330704
89613.31349175921,43163.25911496454,0.0,0.0,0.0,0.3044753737677742,0.7752862886698311,19.311002578025967
89613.5189198781,43163.5769920926,0.0,0.0,0.0,0.2816584528121904,0.7825916761012509,19.37423813361337
89613.77993438339,43163.99696247892,0.0,0.0,0.0,0.255493035494287,0.7909691653858113,19.446753820742888
89614.071784695,43164.39478221762,0.0,0.0,0.0,0.2458394296697277,0.794060000069242,19.4735081373716
89614.39206152549,43164.77121015568,0.0,0.0,0.0,0.2404959770428872,0.7957708352751183,19.48831715548017
89614.73502164423,43165.12741522908,0.0,0.0,0.0,0.2273438762584523,0.7999817974796337,19.524767314634616
89615.17388493424,43165.343253199935,0.0,0.0,0.0,0.2176774026898718,0.8030767520815945,19.55155729334691
89615.62848978686,43165.53730491456,0.0,0.0,0.0,0.2081874119029016,0.8061152014654696,19.57785816194796
89616.09855318209,43165.68902371668,0.0,0.0,0.0,0.2014002091636709,0.8082882880831685,19.59666843599568
89616.58172503188,43165.79299608032,0.0,0.0,0.0,0.1411131759129633,0.8275906354877391,19.763749877428825
89616.9572267112,43165.85924393259,0.0,0.0,0.0,0.0558684062200245,0.8548838040235519,20.0
89617.33403230247,43165.91742174218,0.0,0.0,0.0,-0.0020654431265077,0.8734327228585602,20.0
89617.71296863777,43165.95986384495,0.0,0.0,0.0,-0.0451052506365931,0.8872129550575922,20.0
89618.16268997682,43166.00369811383,0.0,0.0,0.0,-0.0653297686864543,0.8936883221877843,20.0
89618.34594626162,43166.02699917411,0.0,0.0,0.0,-0.0797647633261453,0.8983100337946522,20.0
89618.5292025464,43166.0503002344,0.0,0.0,0.0,-0.0895742150703371,0.901450766307187,20.0
89618.7137404081,43166.05731717394,0.0,0.0,0.0,-0.1142772470879459,0.9093600376751644,20.0
89618.89838560057,43166.06297033512,0.0,0.0,0.0,-0.1232199300569704,0.9122232532638168,20.0
89619.08254159226,43166.05000378038,0.0,0.0,0.0,-0.1366406386094535,0.916520216722248,20.0
89619.26650290495,43166.0333678505,0.0,0.0,0.0,-0.1495545152066109,0.9206549057088746,20.0
89619.44989517806,43166.01116245725,0.0,0.0,0.0,-0.1549378266283982,0.9223785026690736,20.0
89619.63383366818,43165.99512081899,0.0,0.0,0.0,-0.1626508414341483,0.9248480103440998,20.0
89619.81834592571,43165.98678514482,0.0,0.0,0.0,-0.1741563024418732,0.9285317611184548,20.0
89620.00292055016,43165.981738563,0.0,0.0,0.0,-0.1846914897073384,0.9319048553578836,20.0
89620.18579558718,43165.95851373575,0.0,0.0,0.0,-0.191460245514252,0.9340720357453878,20.0
89620.36184757216,43165.90259747564,0.0,0.0,0.0,-0.2011183364445658,0.9371643064435758,20.0
89620.52625737226,43165.81836432919,0.0,0.0,0.0,-0.2043561459302492,0.938200969224154,20.0
89620.6880708225,43165.72932030472,0.0,0.0,0.0,-0.2082206973257391,0.9394382985398684,20.0
89620.80980834393,43165.661588721465,0.0,0.0,0.0,-0.2138161684545911,0.9412298235461198,20.0
89620.93062816333,43165.59224537482,0.0,0.0,0.0,-0.2182511386781267,0.9426497862042194,20.0
89621.04928073735,43165.51937887818,0.0,0.0,0.0,-0.2242385220946113,0.94456679137959,20.0
89621.16450101604,43165.44109736004,0.0,0.0,0.0,-0.2282169151054209,0.9458405698335276,20.0
89621.27320842206,43165.35397508178,0.0,0.0,0.0,-0.2314402976806713,0.9468726134908524,20.0
89621.3739935243,43165.25790320863,0.0,0.0,0.0,-0.2376138903185365,0.948849238038536,20.0
89621.46783255736,43165.154981796695,0.0,0.0,0.0,-0.2392904119819957,0.9484410849486824,20.0
89621.51675396335,43164.82911385036,0.0,0.0,0.0,-0.2428793020191836,0.947567361340005,20.0
89621.53558627398,43164.70640278593,0.0,0.0,0.0,-0.2459991474590755,0.9468078277271016,20.0
89621.55495072324,43164.58378011717,0.0,0.0,0.0,-0.2480482519582702,0.9463089684811952,20.0
89621.57792188635,43164.46179990762,0.0,0.0,0.0,-0.2504803046441168,0.9457168796104988,20.0
89621.60793856639,43164.34141508583,0.0,0.0,0.0,-0.2530230978772655,0.9450978306965544,20.0
89621.64914853085,43164.22443173031,0.0,0.0,0.0,-0.2559588834084063,0.9443831068956045,20.0
89621.7022457751,43164.11228618499,0.0,0.0,0.0,-0.2580724998936834,0.943868542056966,20.0
89621.76330158972,43164.004210417785,0.0,0.0,0.0,-0.2618393079770171,0.9429515038870409,20.0
89621.82791562044,43163.89820295424,0.0,0.0,0.0,-0.2650172037381171,0.9421778377887158,20.0
89621.89303631464,43163.79250547817,0.0,0.0,0.0,-0.2680934283125534,0.9414289237767434,20.0
89621.9581570088,43163.6868080021,0.0,0.0,0.0,-0.2709891846981344,0.9407239451641796,20.0
89622.02327770297,43163.58111052602,0.0,0.0,0.0,-0.2729345126164541,0.9402503505677324,20.0
89622.08839839716,43163.47541304995,0.0,0.0,0.0,-0.274835273227371,0.9397876059857048,20.0
89622.15351909133,43163.36971557388,0.0,0.0,0.0,-0.2775358077521461,0.9391301545882268,20.0
89622.21863978553,43163.26401809781,0.0,0.0,0.0,-0.2796552267518919,0.9386141771139744,20.0
89622.2837604797,43163.15832062174,0.0,0.0,0.0,-0.2810220415548762,0.9382814228780736,20.0
89622.34888117388,43163.05262314567,0.0,0.0,0.0,-0.2836063721042239,0.9376522616081004,20.0
89622.41400186806,43162.9469256696,0.0,0.0,0.0,-0.2849470221551137,0.9373258772418204,20.0
89622.47912256223,43162.84122819352,0.0,0.0,0.0,-0.2857567349425028,0.9371287507845428,20.0
89622.54424325642,43162.73553071745,0.0,0.0,0.0,-0.286672783178893,0.9369057367154217,20.0
89622.6093639506,43162.629833241386,0.0,0.0,0.0,-0.2876961419924832,0.936656597637234,20.0
89622.67448464478,43162.524135765314,0.0,0.0,0.0,-0.2889634322082433,0.9363480728930702,20.0
89622.73960533895,43162.418438289234,0.0,0.0,0.0,-0.2910106373150987,0.9358496760586368,20.0
89622.80472603312,43162.31274081316,0.0,0.0,0.0,-0.2921392685060622,0.9355749081758606,20.0
89622.8698467273,43162.2070433371,0.0,0.0,0.0,-0.2928736851243532,0.935396112745698,20.0
89622.9349674215,43162.10134586103,0.0,0.0,0.0,-0.2939508693880076,0.9351338697367736,20.0
89623.00008811567,43161.99564838495,0.0,0.0,0.0,-0.2962977447284536,0.9345625174884956,20.0
89623.06520880984,43161.88995090887,0.0,0.0,0.0,-0.2980041024017622,0.9341471007528004,20.0
89623.13032950403,43161.78425343281,0.0,0.0,0.0,-0.3004618392504855,0.9335487590130436,20.0
89623.19545019821,43161.678555956736,0.0,0.0,0.0,-0.3015908513150548,0.9332738984057044,20.0
89623.26057089238,43161.57285848066,0.0,0.0,0.0,-0.3031123061039251,0.9329034967063498,20.0
89623.32569158658,43161.4671610046,0.0,0.0,0.0,-0.3047827080401144,0.9324968334783026,19.999999999999996
89623.39081228075,43161.36146352852,0.0,0.0,0.0,-0.3061540102498301,0.9321629867728184,20.0
89623.45593297492,43161.25576605245,0.0,0.0,0.0,-0.3081277827275411,0.9316824672823733,20.0
89623.5210536691,43161.150068576375,0.0,0.0,0.0,-0.3091585962550637,0.9314315133367778,20.0
89623.58617436327,43161.0443711003,0.0,0.0,0.0,-0.3104844639248416,0.9311087277754864,20.0
89623.65129505745,43160.93867362423,0.0,0.0,0.0,-0.3119661420228978,0.9307480098038244,20.0
89623.71641575164,43160.832976148165,0.0,0.0,0.0,-0.3132834336521158,0.9304273120995106,20.0
89623.78153644582,43160.72727867209,0.0,0.0,0.0,-0.3145095494368994,0.930128811366126,20.0
89623.84665713999,43160.62158119602,0.0,0.0,0.0,-0.316675318184591,0.9296015499381676,20.0
89623.91177783418,43160.51588371995,0.0,0.0,0.0,-0.3176826433050994,0.9293563142997716,20.0
89623.97689852836,43160.41018624388,0.0,0.0,0.0,-0.3182356180952495,0.9292216913037614,20.0
89624.04201922254,43160.30448876781,0.0,0.0,0.0,-0.3195688852561027,0.9288971043191948,20.0
89624.10713991671,43160.19879129173,0.0,0.0,0.0,-0.3207247051940781,0.9286157172728589,20.0
89624.1722606109,43160.09309381566,0.0,0.0,0.0,-0.3218501702109788,0.9283417202025064,20.0
89624.23738130507,43159.98739633959,0.0,0.0,0.0,-0.322813906017084,0.9281070964838644,20.0
89624.30250199925,43159.88169886352,0.0,0.0,0.0,-0.3230926165509517,0.9280392437575608,20.0
89624.36762269343,43159.77600138745,0.0,0.0,0.0,-0.3247689113007574,0.9276311459103628,20.0
89624.43274338762,43159.67030391138,0.0,0.0,0.0,-0.3274317564249724,0.926982870084921,20.0
89624.49786408179,43159.5646064353,0.0,0.0,0.0,-0.3305517525121155,0.9262232997965948,20.0
89624.56298477597,43159.45890895923,0.0,0.0,0.0,-0.3318984627251883,0.9258954400697664,20.0
89624.62810547014,43159.353211483154,0.0,0.0,0.0,-0.3358571370020255,0.9249316916297484,20.0
89624.69322616432,43159.24751400708,0.0,0.0,0.0,-0.3370239041573425,0.9246476394579444,20.0
89624.7583468585,43159.14181653102,0.0,0.0,0.0,-0.3392615003410258,0.924102891473996,20.0
89624.82346755269,43159.03611905495,0.0,0.0,0.0,-0.3424503737883677,0.9233265528324784,20.0
89624.88858824686,43158.93042157887,0.0,0.0,0.0,-0.3436239696692482,0.9230408381915874,20.0
89624.95370894104,43158.8247241028,0.0,0.0,0.0,-0.3443577972657776,0.9228621861601396,20.0
89625.01882963521,43158.71902662673,0.0,0.0,0.0,-0.345036299858308,0.922697003129314,20.000000000000004
89625.08395032941,43158.61332915066,0.0,0.0,0.0,-0.3459603489237546,0.9224720412397908,20.000000000000004
89625.14907102358,43158.50763167459,0.0,0.0,0.0,-0.3468669713749467,0.9222513218999516,20.000000000000004
89625.21419171775,43158.40193419851,0.0,0.0,0.0,-0.3481162060721807,0.9219471928136764,20.000000000000004
89625.27931241193,43158.29623672244,0.0,0.0,0.0,-0.3494877517669503,0.9216132868311908,20.000000000000004
89625.34443310612,43158.19053924637,0.0,0.0,0.0,-0.3510747095335991,0.921226938279876,20.000000000000004
89625.40955380029,43158.084841770295,0.0,0.0,0.0,-0.3518875960944555,0.9210290391600822,20.000000000000004
89625.47467449449,43157.97914429423,0.0,0.0,0.0,-0.3530140754924996,0.920754795136286,20.0
89625.53979518866,43157.87344681816,0.0,0.0,0.0,-0.3540078942770917,0.9205128476467148,20.0
89625.60491588284,43157.767749342085,0.0,0.0,0.0,-0.3548309296129315,0.920312477784098,20.0
89625.67003657701,43157.66205186601,0.0,0.0,0.0,-0.3553918660214766,0.920175916513612,20.0
89625.73515727119,43157.55635438994,0.0,0.0,0.0,-0.3561893924118731,0.9199817568629644,20.0
89625.80027796538,43157.45065691388,0.0,0.0,0.0,-0.356480770085851,0.9198601886200654,20.0
89625.86539865956,43157.3449594378,0.0,0.0,0.0,-0.3566135172618564,0.9198048040028554,20.0
89625.93051935373,43157.23926196173,0.0,0.0,0.0,-0.3568022773090773,0.9197260497628448,20.0
89625.9956400479,43157.13356448565,0.0,0.0,0.0,-0.3570041294735393,0.9196418332454156,20.0
89626.06076074208,43157.02786700958,0.0,0.0,0.0,-0.3571975717994305,0.9195611254707264,20.0
89626.12588143627,43156.92216953351,0.0,0.0,0.0,-0.3573751760047828,0.9194870256576508,20.0
89626.19100213045,43156.81647205744,0.0,0.0,0.0,-0.3576750645047737,0.9193619065381528,20.0
89626.25612282463,43156.71077458137,0.0,0.0,0.0,-0.3578171632086026,0.919302620287745,20.0
89626.3212435188,43156.6050771053,0.0,0.0,0.0,-0.3580400105686789,0.919209644180038,20.0
89626.38636421299,43156.499379629226,0.0,0.0,0.0,-0.3581824422846481,0.9191502189907056,20.0
89626.45148490716,43156.393682153146,0.0,0.0,0.0,-0.3583597417663247,0.9190762463140756,20.0
89626.51660560133,43156.287984677074,0.0,0.0,0.0,-0.3584742486243367,0.919028471900414,20.0
89626.58172629552,43156.18228720101,0.0,0.0,0.0,-0.3585880373579038,0.91898099710177,20.0
89626.64684698971,43156.07658972494,0.0,0.0,0.0,-0.358707862511905,0.9189310037950482,20.0
89626.71196768388,43155.970892248864,0.0,0.0,0.0,-0.3588906898190587,0.9188547248057172,20.0
89626.77708837805,43155.86519477279,0.0,0.0,0.0,-0.3582829275571985,0.9204924914157004,20.0
89626.84220907223,43155.75949729672,0.0,0.0,0.0,-0.3579041596906291,0.9215131756597388,20.0
89626.9073297664,43155.65379982064,0.0,0.0,0.0,-0.3573630071415301,0.9229714458279276,20.0
89626.9724504606,43155.54810234458,0.0,0.0,0.0,-0.3571853535069519,0.9234501777418896,20.0
89627.03757115477,43155.4424048685,0.0,0.0,0.0,-0.356734757545498,0.9246644206565507,20.0
89627.10462293222,43155.33792940752,0.0,0.0,0.0,-0.3562911996828417,0.9258596976631068,20.0
89627.18139009179,43155.24055495579,0.0,0.0,0.0,-0.3558091610416548,0.9271586707004276,20.0
89627.27821785906,43155.16394195195,0.0,0.0,0.0,-0.3555113427618304,0.9279612161448354,20.0
89627.35948892037,43155.14106008537,0.0,0.0,0.0,-0.3550324198038178,0.9292517931987424,20.0
89627.42436026596,43155.043174749015,0.0,0.0,0.0,-0.3545841493181432,0.930459769540399,20.0
89627.48923161156,43154.945289412666,0.0,0.0,0.0,-0.3543212552282314,0.93116820306686,20.0
89627.55410295716,43154.84740407631,0.0,0.0,0.0,-0.3539094894512605,0.9322778083894944,20.0
89627.61897430275,43154.74951873996,0.0,0.0,0.0,-0.353479413389515,0.9334367553295756,20.0
89627.68384564835,43154.651633403606,0.0,0.0,0.0,-0.3531316069483774,0.9343740063103928,20.0
89627.74871699394,43154.55374806725,0.0,0.0,0.0,-0.3528845975644876,0.9350396345447768,20.0
89627.81358833956,43154.4558627309,0.0,0.0,0.0,-0.3526139839977672,0.9357688701219028,20.0
89627.87845968515,43154.35797739454,0.0,0.0,0.0,-0.3526139839977672,0.9357688701219028,20.0
89627.94333103075,43154.26009205819,0.0,0.0,0.0,-0.3526139839977672,0.9357688701219028,19.999999999999996
89628.00820237635,43154.16220672184,0.0,0.0,0.0,-0.3526139839977672,0.9357688701219028,19.999999999999996
89628.07307372194,43154.06432138548,0.0,0.0,0.0,-0.3526139839977673,0.9357688701219028,19.999999999999996
89628.13794506756,43153.96643604913,0.0,0.0,0.0,-0.3526139839977673,0.9357688701219028,19.999999999999996
89628.20281641315,43153.86855071278,0.0,0.0,0.0,-0.3526139839977673,0.9357688701219028,20.0
89628.26768775875,43153.770665376425,0.0,0.0,0.0,-0.3526139839977673,0.9357688701219028,20.0
89628.33255910435,43153.67278004007,0.0,0.0,0.0,-0.3526139839977673,0.9357688701219028,20.0
89628.39743044994,43153.574894703714,0.0,0.0,0.0,-0.3526139839977673,0.9357688701219028,20.0
89628.46230179555,43153.477009367365,0.0,0.0,0.0,-0.3526139839977672,0.9357688701219028,20.0
89628.52717314115,43153.37912403102,0.0,0.0,0.0,-0.3526139839977671,0.9357688701219028,20.0
89628.59204448675,43153.28123869465,0.0,0.0,0.0,-0.3526139839977672,0.9357688701219028,20.0
89628.65691583235,43153.18335335831,0.0,0.0,0.0,-0.3526139839977672,0.9357688701219028,20.0
89628.72178717794,43153.08546802195,0.0,0.0,0.0,-0.3526139839977672,0.9357688701219028,20.0
89628.78504178459,43152.98804224174,0.0,0.0,0.0,-0.3526139839977672,0.9357688701219028,20.0
89628.84625298703,43152.888292504256,0.0,0.0,0.0,-0.3526139839977672,0.9357688701219028,20.0
89628.90625705496,43152.78781029347,0.0,0.0,0.0,-0.3526139839977672,0.9357688701219028,20.0
89628.96973845124,43152.68951208122,0.0,0.0,0.0,-0.3526139839977672,0.9357688701219028,20.0
89629.03805752327,43152.59450082015,0.0,0.0,0.0,-0.3526139839977673,0.9357688701219028,20.000000000000004
89629.10789441469,43152.50058458936,0.0,0.0,0.0,-0.3526139839977673,0.9357688701219028,20.000000000000004
89629.17414233112,43152.40413672119,0.0,0.0,0.0,-0.3526139839977673,0.9357688701219028,20.000000000000004
89629.23427485759,43152.30374853838,0.0,0.0,0.0,-0.3526139839977673,0.9357688701219028,20.000000000000004
89629.29398578807,43152.203094772914,0.0,0.0,0.0,-0.3526139839977672,0.9357688701219028,20.0
89629.35724750225,43152.1046540414,0.0,0.0,0.0,-0.3526139839977672,0.9357688701219028,20.0
89629.421635497,43152.00692117856,0.0,0.0,0.0,-0.3526139839977672,0.9357688701219028,20.0
89629.48598888367,43151.90916542937,0.0,0.0,0.0,-0.3526139839977672,0.9357688701219028,20.000000000000004
89629.55034227033,43151.81140968018,0.0,0.0,0.0,-0.3526139839977672,0.9357688701219028,20.0
89629.614695657,43151.713653930994,0.0,0.0,0.0,-0.3526139839977672,0.9357688701219028,20.0
89629.67904904367,43151.615898181815,0.0,0.0,0.0,-0.3526139839977672,0.9357688701219028,20.0
89629.74340243034,43151.51814243262,0.0,0.0,0.0,-0.3526139839977672,0.9357688701219028,20.0
89629.807755817,43151.42038668344,0.0,0.0,0.0,-0.3526139839977672,0.9357688701219028,20.0
89629.87210920369,43151.32263093426,0.0,0.0,0.0,-0.3526139839977672,0.9357688701219028,20.0
89629.93646259035,43151.22487518507,0.0,0.0,0.0,-0.3526139839977673,0.9357688701219028,20.0
89630.00081597701,43151.12711943588,0.0,0.0,0.0,-0.3526139839977673,0.9357688701219028,20.0
89630.06516936368,43151.02936368669,0.0,0.0,0.0,-0.3526139839977673,0.9357688701219028,20.0
89630.12952275036,43150.927384530194,0.0,0.0,0.0,-0.3526139839977673,0.9357688701219028,20.0
89630.19406455387,43150.83037651199,0.0,0.0,0.0,-0.3526139839977673,0.9357688701219028,20.0
89630.25860635737,43150.73336849379,0.0,0.0,0.0,-0.3526139839977673,0.9357688701219028,20.0
89630.32314816088,43150.63636047559,0.0,0.0,0.0,-0.3526139839977673,0.9357688701219028,20.0
89630.38768996438,43150.53935245738,0.0,0.0,0.0,-0.3526139839977673,0.9357688701219028,20.0
89630.45223176788,43150.44234443917,0.0,0.0,0.0,-0.3526139839977672,0.9357688701219028,20.0
89630.51677357139,43150.34533642097,0.0,0.0,0.0,-0.3526139839977672,0.9357688701219028,20.0
89630.58131537489,43150.24832840277,0.0,0.0,0.0,-0.3526139839977671,0.9357688701219028,19.999999999999996
89630.6458571784,43150.15132038456,0.0,0.0,0.0,-0.3526139839977671,0.9357688701219028,19.999999999999996
89630.7103989819,43150.05431236636,0.0,0.0,0.0,-0.3526139839977671,0.9357688701219028,19.999999999999996
89630.77494078541,43149.95730434816,0.0,0.0,0.0,-0.3526139839977671,0.9357688701219028,20.0
89630.83948258891,43149.86029632995,0.0,0.0,0.0,-0.3526139839977671,0.9357688701219028,20.0
89630.90402439242,43149.76328831175,0.0,0.0,0.0,-0.3526139839977672,0.9357688701219028,20.0
89630.96856619594,43149.666280293546,0.0,0.0,0.0,-0.3526139839977672,0.9357688701219028,20.0
89631.03310799944,43149.56927227535,0.0,0.0,0.0,-0.3526139839977672,0.9357688701219028,20.0
89631.09764980295,43149.472264257136,0.0,0.0,0.0,-0.3526139839977672,0.9357688701219028,20.178234583293477
89631.16219160645,43149.375256238935,0.0,0.0,0.0,-0.3526139839977672,0.9357688701219028,20.394285419438727
89631.22673340995,43149.278248220726,0.0,0.0,0.0,-0.3526139839977672,0.9357688701219028,20.67391343177384
89631.29127521346,43149.19756867032,0.0,0.0,0.0,-0.3526139839977672,0.9357688701219028,20.83289016639955
89631.3543937699,43149.098479181295,0.0,0.0,0.0,-0.3526139839977672,0.9357688701219028,21.0847885126442
89631.41751232634,43148.99938969226,0.0,0.0,0.0,-0.3526139839977672,0.9357688701219028,21.331738888860272
89631.48063088277,43148.900300203226,0.0,0.0,0.0,-0.3526139839977672,0.9357688701219028,21.62771747519802
89631.54374943921,43148.8012107142,0.0,0.0,0.0,-0.3526139839977672,0.9357688701219028,21.78202762031775
89631.60686799565,43148.70212122517,0.0,0.0,0.0,-0.3526139839977672,0.9357688701219028,22.0
89631.66998655208,43148.60303173613,0.0,0.0,0.0,-0.3526139839977672,0.9357688701219028,22.0
89631.73310510852,43148.5039422471,0.0,0.0,0.0,-0.3526139839977672,0.9357688701219028,22.0
89631.79622366496,43148.40485275807,0.0,0.0,0.0,-0.3526139839977672,0.9357688701219028,22.0
89631.8593422214,43148.30576326904,0.0,0.0,0.0,-0.3526139839977672,0.9357688701219028,22.0
89631.92246077783,43148.20667378001,0.0,0.0,0.0,-0.3526139839977672,0.9357688701219028,22.0
89631.98557933427,43148.10758429097,0.0,0.0,0.0,-0.3526139839977672,0.9357688701219028,22.0
89632.04869789071,43148.00849480194,0.0,0.0,0.0,-0.3526139839977672,0.9357688701219028,22.0
89632.11181644714,43147.90940531291,0.0,0.0,0.0,-0.3526139839977672,0.9357688701219028,22.0
89632.17493500358,43147.810315823874,0.0,0.0,0.0,-0.3526139839977672,0.9357688701219028,22.000000000000004
89632.23805356002,43147.711226334846,0.0,0.0,0.0,-0.3526139839977672,0.9357688701219028,22.0
89632.30117211645,43147.61213684582,0.0,0.0,0.0,-0.3526139839977672,0.9357688701219028,22.0
89632.3642906729,43147.513047356784,0.0,0.0,0.0,-0.3526139839977673,0.9357688701219028,22.0
89632.42740922933,43147.41395786776,0.0,0.0,0.0,-0.3526139839977672,0.9357688701219028,22.0
89632.49052778576,43147.31486837872,0.0,0.0,0.0,-0.3526139839977672,0.9357688701219028,22.0
89632.5536463422,43147.21577888969,0.0,0.0,0.0,-0.3526139839977672,0.9357688701219028,22.0
89632.61676489864,43147.11668940066,0.0,0.0,0.0,-0.3526139839977672,0.9357688701219028,22.0
89632.67988345507,43147.017599911625,0.0,0.0,0.0,-0.3526139839977671,0.9357688701219028,22.0
89632.74300201151,43146.91851042259,0.0,0.0,0.0,-0.3526139839977671,0.9357688701219028,22.0
89632.80612056796,43146.81942093356,0.0,0.0,0.0,-0.3526139839977671,0.935768870121903,22.000000000000004
89632.86923912438,43146.72138948314,0.0,0.0,0.0,-0.3526139839977671,0.935768870121903,22.000000000000004
89632.93201265122,43146.62229004052,0.0,0.0,0.0,-0.3526139839977671,0.9357688701219028,22.000000000000004
89632.99478617807,43146.5231905979,0.0,0.0,0.0,-0.3526139839977671,0.9357688701219028,22.000000000000004
89633.05755970492,43146.42409115529,0.0,0.0,0.0,-0.3526139839977671,0.9357688701219028,22.000000000000004
89633.12033323177,43146.32499171268,0.0,0.0,0.0,-0.3526139839977671,0.9357688701219028,22.000000000000004
89633.18310675862,43146.225892270064,0.0,0.0,0.0,-0.3526139839977671,0.9357688701219028,22.000000000000004
89633.24588028545,43146.126792827454,0.0,0.0,0.0,-0.3526139839977671,0.9357688701219028,22.000000000000004
89633.3086538123,43146.02769338483,0.0,0.0,0.0,-0.3526139839977671,0.9357688701219028,22.000000000000004
89633.37142733914,43145.92859394222,0.0,0.0,0.0,-0.3526139839977671,0.9357688701219028,22.0
89633.43420086599,43145.8294944996,0.0,0.0,0.0,-0.3526139839977671,0.9357688701219028,22.0
89633.49697439282,43145.73039505698,0.0,0.0,0.0,-0.3526139839977671,0.9357688701219028,22.0
89633.55974791967,43145.63129561437,0.0,0.0,0.0,-0.3526139839977672,0.9357688701219028,22.000000000000004
89633.62252144652,43145.53219617176,0.0,0.0,0.0,-0.3526139839977671,0.9357688701219028,22.000000000000004
89633.68529497336,43145.43309672914,0.0,0.0,0.0,-0.3526139839977671,0.9357688701219028,22.0
89633.7480685002,43145.33399728652,0.0,0.0,0.0,-0.3526139839977671,0.9357688701219028,22.0
89633.81084202706,43145.23489784391,0.0,0.0,0.0,-0.3526139839977671,0.9357688701219028,22.0
89633.8736155539,43145.135798401294,0.0,0.0,0.0,-0.3526139839977671,0.9357688701219028,22.0
89633.93638908073,43145.03669895868,0.0,0.0,0.0,-0.3526139839977671,0.9357688701219028,22.0
89633.99916260758,43144.93759951606,0.0,0.0,0.0,-0.3526139839977671,0.9357688701219028,22.0
89634.06193613443,43144.83850007345,0.0,0.0,0.0,-0.3526139839977671,0.9357688701219028,22.0
89634.12470966128,43144.73940063084,0.0,0.0,0.0,-0.3526139839977671,0.9357688701219028,22.0
89634.18748318813,43144.64030118822,0.0,0.0,0.0,-0.3526139839977671,0.9357688701219028,22.0
89634.25025671495,43144.5412017456,0.0,0.0,0.0,-0.3526139839977671,0.9357688701219028,22.0
89634.3130302418,43144.442102302986,0.0,0.0,0.0,-0.3526139839977671,0.9357688701219028,22.0
89634.37580376865,43144.343002860376,0.0,0.0,0.0,-0.3526139839977671,0.9357688701219028,22.0
89634.4385772955,43144.24390341776,0.0,0.0,0.0,-0.3526139839977671,0.9357688701219028,22.0
89634.50135082233,43144.14480397515,0.0,0.0,0.0,-0.3526139839977671,0.935768870121903,22.0
89634.56412434918,43144.04570453253,0.0,0.0,0.0,-0.3526139839977671,0.9357688701219028,22.0
89634.62689787602,43143.94660508992,0.0,0.0,0.0,-0.3526139839977671,0.9357688701219028,22.0
89634.68967140287,43143.8475056473,0.0,0.0,0.0,-0.3526139839977671,0.9357688701219028,22.0
89634.75244492972,43143.748406204686,0.0,0.0,0.0,-0.3526139839977671,0.935768870121903,22.0
89634.81521845656,43143.64930676207,0.0,0.0,0.0,-0.3526139839977671,0.9357688701219028,22.0
89634.87799198342,43143.55020731946,0.0,0.0,0.0,-0.352613983997767,0.9357688701219028,22.0
89634.94076551026,43143.45110787684,0.0,0.0,0.0,-0.352613983997767,0.9357688701219028,22.0
89635.00342862764,43143.35281036702,0.0,0.0,0.0,-0.352613983997767,0.9357688701219028,22.0
89635.06609174502,43143.25396261238,0.0,0.0,0.0,-0.3526139839977671,0.9357688701219028,22.0
89635.12875486238,43143.1350772146,0.0,0.0,0.0,-0.3526139839977671,0.9357688701219028,22.0
89635.1925122338,43143.03704914144,0.0,0.0,0.0,-0.3526139839977671,0.9357688701219028,22.0
89635.2562696052,43142.93902106828,0.0,0.0,0.0,-0.3526139839977671,0.9357688701219028,22.0
89635.32002697661,43142.84099299511,0.0,0.0,0.0,-0.3526139839977671,0.9357688701219028,22.0
89635.38378434801,43142.74296492195,0.0,0.0,0.0,-0.3526139839977671,0.9357688701219028,22.0
89635.44754171943,43142.64493684879,0.0,0.0,0.0,-0.3526139839977671,0.9357688701219028,22.0
89635.51129909084,43142.54690877562,0.0,0.0,0.0,-0.3526139839977671,0.9357688701219028,22.0
89635.57505646224,43142.44888070245,0.0,0.0,0.0,-0.3526139839977671,0.9357688701219028,22.0
89635.63881383366,43142.3508526293,0.0,0.0,0.0,-0.3526139839977672,0.9357688701219028,22.0
89635.70257120507,43142.25282455613,0.0,0.0,0.0,-0.3526139839977671,0.9357688701219028,22.0
89635.76632857647,43142.15479648297,0.0,0.0,0.0,-0.3526139839977672,0.9357688701219028,22.0
89635.83008594788,43142.056768409806,0.0,0.0,0.0,-0.3526139839977672,0.9357688701219028,22.0
89635.8938433193,43141.958740336646,0.0,0.0,0.0,-0.3526139839977672,0.935768870121903,22.0
89635.9576006907,43141.860712263486,0.0,0.0,0.0,-0.3526139839977673,0.9357688701219032,22.000000000000004
89636.0213580621,43141.76268419032,0.0,0.0,0.0,-0.3526139839977672,0.9357688701219032,22.0
89636.08511543351,43141.66465611716,0.0,0.0,0.0,-0.3526139839977671,0.9357688701219028,22.0
89636.14887280493,43141.56662804399,0.0,0.0,0.0,-0.3526139839977672,0.9357688701219028,22.0
89636.21263017633,43141.46859997083,0.0,0.0,0.0,-0.3526139839977672,0.9357688701219028,22.0
89636.27638754774,43141.37057189767,0.0,0.0,0.0,-0.3526139839977672,0.9357688701219028,22.0
89636.34014491914,43141.2725438245,0.0,0.0,0.0,-0.3526139839977671,0.9357688701219028,22.0
89636.40390229055,43141.17451575134,0.0,0.0,0.0,-0.3526139839977671,0.9357688701219028,21.999999999999996
89636.46765966197,43141.07648767818,0.0,0.0,0.0,-0.3526139839977672,0.9357688701219028,21.999999999999996
89636.53141703337,43140.978459605016,0.0,0.0,0.0,-0.3526139839977672,0.9357688701219028,21.999999999999996
89636.59517440478,43140.88043153185,0.0,0.0,0.0,-0.3526139839977672,0.9357688701219028,21.999999999999996
89636.6589317762,43140.78240345869,0.0,0.0,0.0,-0.3526139839977672,0.9357688701219028,21.999999999999996
89636.7226891476,43140.68437538553,0.0,0.0,0.0,-0.3526139839977672,0.9357688701219028,21.999999999999996
89636.78644651902,43140.58634731237,0.0,0.0,0.0,-0.3526139839977672,0.9357688701219028,22.0
89636.85020389041,43140.4883192392,0.0,0.0,0.0,-0.3526139839977672,0.935768870121903,22.0
89636.91396126183,43140.39029116604,0.0,0.0,0.0,-0.3526139839977672,0.9357688701219028,22.0
89636.97771863324,43140.29226309288,0.0,0.0,0.0,-0.3526139839977672,0.935768870121903,22.0
89637.04147600464,43140.19423501971,0.0,0.0,0.0,-0.3526139839977672,0.9357688701219028,22.0
89637.10523337605,43140.09620694655,0.0,0.0,0.0,-0.3526139839977672,0.9357688701219028,22.0
89637.16899074745,43139.998178873386,0.0,0.0,0.0,-0.3526139839977672,0.9357688701219028,22.0
89637.23274811887,43139.90015080023,0.0,0.0,0.0,-0.3526139839977672,0.9357688701219028,22.0
89637.29650549027,43139.80212272706,0.0,0.0,0.0,-0.3526139839977672,0.9357688701219028,22.0
89637.36026286168,43139.70409465389,0.0,0.0,0.0,-0.3526139839977672,0.9357688701219028,22.0
89637.4240202331,43139.60606658074,0.0,0.0,0.0,-0.3526139839977672,0.9357688701219028,22.0
89637.4877776045,43139.50803850757,0.0,0.0,0.0,-0.3526139839977673,0.9357688701219028,22.000000000000004
89637.55239342655,43139.42640348079,0.0,0.0,0.0,-0.3526139839977673,0.9357688701219028,22.000000000000004
89637.61700924858,43139.32882100072,0.0,0.0,0.0,-0.3526139839977672,0.9357688701219028,22.000000000000004
89637.6816250706,43139.23123852064,0.0,0.0,0.0,-0.3526139839977672,0.9357688701219028,22.000000000000007
89637.74624089265,43139.13365604057,0.0,0.0,0.0,-0.3526139839977672,0.9357688701219028,22.000000000000007
89637.81085671468,43139.0360735605,0.0,0.0,0.0,-0.3526139839977672,0.9357688701219028,22.000000000000007
89637.87996447863,43138.93170737301,0.0,0.0,0.0,-0.3526139839977672,0.9357688701219028,22.000000000000007
89637.94907224257,43138.82734118551,0.0,0.0,0.0,-0.3526139839977672,0.9357688701219028,22.000000000000007
89638.01818000653,43138.722974998025,0.0,0.0,0.0,-0.3526139839977672,0.9357688701219028,22.000000000000007
89638.08728777047,43138.61860881053,0.0,0.0,0.0,-0.3526139839977672,0.9357688701219028,22.000000000000007
89638.1563955344,43138.51424262302,0.0,0.0,0.0,-0.3526139839977672,0.9357688701219028,22.000000000000007
89638.22550329835,43138.40987643554,0.0,0.0,0.0,-0.3526139839977672,0.9357688701219028,22.000000000000007
89638.2946110623,43138.30551024804,0.0,0.0,0.0,-0.3526139839977672,0.9357688701219028,22.000000000000007
89638.36371882625,43138.20114406056,0.0,0.0,0.0,-0.3526139839977672,0.9357688701219028,22.000000000000007
89638.4328265902,43138.09677787306,0.0,0.0,0.0,-0.3526139839977672,0.9357688701219028,22.000000000000007
89638.50193435415,43137.99241168558,0.0,0.0,0.0,-0.3526139839977672,0.9357688701219028,22.000000000000007
89638.57104211807,43137.88804549807,0.0,0.0,0.0,-0.3526139839977672,0.9357688701219028,22.000000000000007
89638.63853633468,43137.78263358213,0.0,0.0,0.0,-0.3526139839977672,0.9357688701219028,22.000000000000004
89638.70299777041,43137.67534315904,0.0,0.0,0.0,-0.3526139839977672,0.9357688701219028,22.0
89638.7646001729,43137.56638175916,0.0,0.0,0.0,-0.3526139839977672,0.9357688701219028,22.0
89638.82683003583,43137.45778377212,0.0,0.0,0.0,-0.3526139839977672,0.9357688701219028,21.999999999999996
89638.89497948621,43137.35278931254,0.0,0.0,0.0,-0.3526139839977672,0.9357688701219028,21.999999999999996
89639.38929263355,43137.13860211661,0.0,0.0,0.0,-0.3467961091683165,0.933222472627333,22.032553567502752
89639.91331494671,43136.97298452846,0.0,0.0,0.0,-0.3413548925242937,0.9308409328321464,22.06299956686005
89640.43925089655,43136.81626384913,0.0,0.0,0.0,-0.334685282114916,0.9279217433112196,22.100318969398536
89640.98599636162,43136.76068593969,0.0,0.0,0.0,-0.3311543218889088,0.9263762944082258,22.120076244251724
89641.53230416212,43136.70620054831,0.0,0.0,0.0,-0.3230737449478387,0.9228395457705172,22.165290624867268
89642.08171287755,43136.7013187892,0.0,0.0,0.0,-0.3173698082835439,0.9203430173203652,22.197206658243
89642.62993417314,43136.667452925,0.0,0.0,0.0,-0.3112964328401498,0.9176847909978678,22.23118986401176
89643.17202792504,43136.75780188365,0.0,0.0,0.0,-0.3021419105794738,0.9136779924276122,22.282413440851165
89643.69902051256,43136.91328197766,0.0,0.0,0.0,-0.2969036720233773,0.9113852931299782,22.311723688567085
89644.20020019286,43137.13815816878,0.0,0.0,0.0,-0.2915022065487871,0.9090211518318748,22.34194726265479
89644.72253271064,43137.25682138472,0.0,0.0,0.0,-0.2839435881133427,0.905712856687917,22.384241055952003
89645.24164698081,43137.44544448549,0.0,0.0,0.0,-0.2792784173265219,0.9036709806504392,22.41034473754926
89645.7123315665,43137.7156517655,0.0,0.0,0.0,-0.2729860584155081,0.9009169085131647,22.44555325209556
89646.14535736108,43138.04280060419,0.0,0.0,0.0,-0.2654805683692383,0.897631866876897,22.487549768697413
89646.58255942579,43138.364373198994,0.0,0.0,0.0,-0.2593450714322768,0.8949464508983453,22.521880571534435
89647.0384275416,43138.6588002966,0.0,0.0,0.0,-0.2535556081891587,0.8924124887335781,22.554275163720494
89647.4657987802,43138.99305012536,0.0,0.0,0.0,-0.2485677621517948,0.8902293825263856,22.58218435520889
89647.81009502761,43139.41139666378,0.0,0.0,0.0,-0.2399347780753032,0.8864508534814224,22.630489696613232
89647.99695047639,43139.91904453251,0.0,0.0,0.0,-0.2366478753810484,0.8850122249390591,22.648881362276228
89647.98237946427,43140.46005351477,0.0,0.0,0.0,-0.2308290154247306,0.8824653962690756,22.68144044199692
89647.80797314044,43140.934733768576,0.0,0.0,0.0,-0.2299243516501952,0.8820694383572203,22.68650243355139
89647.54713572476,43141.51603400458,0.0,0.0,0.0,-0.2209703225461557,0.8781503926669602,22.736604163032485
89647.28629830906,43142.0973342406,0.0,0.0,0.0,-0.2077524022718277,0.8723651050736981,22.81056423823353
89647.02546089339,43142.678634476615,0.0,0.0,0.0,-0.2059108220975838,0.871559072754473,22.8208686889602
89646.76462347769,43143.25993471262,0.0,0.0,0.0,-0.1933914320196363,0.8660795214642575,22.89092018060329
89646.503786062,43143.84123494864,0.0,0.0,0.0,0.0048199487936357,0.7793253408924836,24.0
89646.24294864632,43144.422535184654,0.0,0.0,0.0,0.023092210462835,0.7713412893479576,24.0
89645.98211123064,43145.00383542067,0.0,0.0,0.0,0.0327013530829648,0.7671425814175026,24.0
89645.72127381495,43145.58513565668,0.0,0.0,0.0,0.0469008504577664,0.7609381212910433,24.0
89645.46043639927,43146.16643589269,0.0,0.0,0.0,0.0507525836272192,0.7592551092634459,24.0
89645.19959898357,43146.74773612871,0.0,0.0,0.0,0.0734227845670034,0.7493493813297714,24.0
89644.93876156789,43147.32903636472,0.0,0.0,0.0,0.0834435161693061,0.7449708298907064,24.0
89644.6779241522,43147.91033660073,0.0,0.0,0.0,0.1070575880317982,0.734652678238791,24.0
89644.35241033557,43148.370369643286,0.0,0.0,0.0,0.1181396708589238,0.7298103701482921,24.0
89643.98224824673,43148.93243097215,0.0,0.0,0.0,0.136809486073143,0.7216526078692871,24.0
89643.59531164035,43149.48332470285,0.0,0.0,0.0,0.1495430900933478,0.7160886687858035,24.0
89643.20832292965,43150.034181849245,0.0,0.0,0.0,0.1536422639903151,0.7142975377109606,24.0
89642.82133421896,43150.58503899565,0.0,0.0,0.0,0.1772366200534415,0.7039880008633441,24.0
89642.43434550824,43151.135896142034,0.0,0.0,0.0,0.178832373603525,0.7032907375017043,24.0
89642.27023126882,43151.369503736045,0.0,0.0,0.0,0.1983836200686309,0.694747834473982,24.0
89642.1061170294,43151.60311133006,0.0,0.0,0.0,0.210867045042092,0.6892932109443539,24.0
89641.94200278996,43151.83671892408,0.0,0.0,0.0,0.2289341285985462,0.6813988118280616,24.0
89641.77788855051,43152.07032651808,0.0,0.0,0.0,0.2453235543960903,0.6742374640583244,24.0
89641.61377431109,43152.3039341121,0.0,0.0,0.0,0.2639204938637046,0.6661115447841852,24.0
89641.44966007165,43152.53754170611,0.0,0.0,0.0,0.2793489251565603,0.6593701028694725,24.0
89641.28554583223,43152.77114930012,0.0,0.0,0.0,0.2848843165357384,0.6569514176026684,24.0
89641.12143159278,43153.00475689412,0.0,0.0,0.0,0.3069086139915072,0.6473279167300183,24.0
89640.95731735334,43153.23836448813,0.0,0.0,0.0,0.3150820754913906,0.6437565286285515,24.0
89640.7932031139,43153.47197208215,0.0,0.0,0.0,0.3413238116008874,0.6322902209809744,24.0
89640.62908887448,43153.70557967616,0.0,0.0,0.0,0.3452894470948411,0.630557439414919,24.0
89640.46497463506,43153.93918727018,0.0,0.0,0.0,0.3628458551040824,0.6228861796102945,24.0
89640.30086039561,43154.172794864186,0.0,0.0,0.0,0.3684233421252602,0.6204491006831099,24.0
89640.13674615617,43154.4064024582,0.0,0.0,0.0,0.384747168025767,0.6133164167410226,24.0
89639.97263191674,43154.64001005221,0.0,0.0,0.0,0.3957718788778158,0.6084991772936132,24.0
89639.80851767732,43154.87361764623,0.0,0.0,0.0,0.4088790351132279,0.6027720148393843,24.0
89639.64440343788,43155.10722524024,0.0,0.0,0.0,0.4343594935974414,0.591638346900563,24.0
89639.48028919844,43155.34083283425,0.0,0.0,0.0,0.4427798860746412,0.5879590624868319,24.0
89639.23895231144,43155.60476775017,0.0,0.0,0.0,0.4733958823934952,0.5745814249988144,26.0
89639.14163857955,43155.735326183945,0.0,0.0,0.0,0.4764310889253894,0.573255193695999,26.0
89639.04432484765,43155.86588461771,0.0,0.0,0.0,0.4764310889253894,0.573255193695999,26.0
89638.94701111577,43155.99644305149,0.0,0.0,0.0,0.4954541237647986,0.5649430923567775,26.0
89638.84969738388,43156.12700148526,0.0,0.0,0.0,0.4954541237647986,0.5649430923567775,26.0
89638.75238365198,43156.25755991904,0.0,0.0,0.0,0.5024001114246243,0.5619080480635377,26.0
89638.65506992009,43156.38811835281,0.0,0.0,0.0,0.5164338415951838,0.5557760197972947,26.0
89638.5577561882,43156.51867678658,0.0,0.0,0.0,0.5220441798242743,0.55332458655853,26.0
89638.46044245631,43156.64923522035,0.0,0.0,0.0,0.5347284227779826,0.5477822157574153,26.0
89638.36312872442,43156.779793654125,0.0,0.0,0.0,0.5409181756069601,0.5450776077275435,26.0
89638.26581499253,43156.9103520879,0.0,0.0,0.0,0.558874587277784,0.5372315666117768,26.0
89638.16850126065,43157.04091052168,0.0,0.0,0.0,0.558874587277784,0.5372315666117768,26.0
89638.07118752875,43157.17146895545,0.0,0.0,0.0,0.566854362244334,0.5337448097012162,26.0
89637.97387379686,43157.30202738922,0.0,0.0,0.0,0.5837596632837126,0.5263580506170004,26.0
89637.87656006496,43157.43258582299,0.0,0.0,0.0,0.5904265725541447,0.5234449494245228,26.0
89637.77924633307,43157.56314425677,0.0,0.0,0.0,0.6042568630617094,0.5174018139721502,26.0
89637.68193260119,43157.693702690536,0.0,0.0,0.0,0.6098133248162058,0.5149739220200628,26.0
89637.5846188693,43157.82426112431,0.0,0.0,0.0,0.624508703930418,0.5085527867255745,26.0
89637.4873051374,43157.95481955809,0.0,0.0,0.0,0.6261576934286864,0.5078322619548095,26.0
89637.38999140551,43158.08537799186,0.0,0.0,0.0,0.6375103518968166,0.5028717260333182,26.0
89637.29267767363,43158.21593642564,0.0,0.0,0.0,0.6410970134050011,0.5013045368767409,26.0
89637.19536394173,43158.346494859405,0.0,0.0,0.0,0.6498293340283507,0.497488955684749,26.0
89637.09805020984,43158.47705329318,0.0,0.0,0.0,0.6601209976203941,0.4929920207083687,26.0
89637.00073647794,43158.60761172696,0.0,0.0,0.0,0.6601209976203941,0.4929920207083687,26.0
89636.90342274607,43158.73817016072,0.0,0.0,0.0,0.6664711446698122,0.4902173285396737,26.0
89636.80610901417,43158.8687285945,0.0,0.0,0.0,0.6852345160717298,0.4820186869519977,26.0
89636.70879528228,43158.99928702827,0.0,0.0,0.0,0.6881791327516503,0.4807320388196001,26.0
89636.61148155038,43159.12984546205,0.0,0.0,0.0,0.6881791327516503,0.4807320388196001,26.0
89636.51416781849,43159.260403895816,0.0,0.0,0.0,0.698669235333984,0.4761483960696773,26.0
89636.41685408661,43159.39096232959,0.0,0.0,0.0,0.7020127887713593,0.474687432809126,26.0
89636.31954035471,43159.52152076337,0.0,0.0,0.0,0.7172179960697264,0.4680435284576464,26.0
89636.22222662282,43159.652079197134,0.0,0.0,0.0,0.7176625096700039,0.4678492985609259,26.0
89636.12491289093,43159.78263763091,0.0,0.0,0.0,0.7333093883891797,0.4610124062009929,26.0
89636.02759915905,43159.913196064685,0.0,0.0,0.0,0.7333093883891797,0.4610124062009929,26.0
89635.93028542715,43160.04375449846,0.0,0.0,0.0,0.7428218306653923,0.4568559514159986,26.0
89635.83297169526,43160.17431293223,0.0,0.0,0.0,0.7533116059746796,0.4522724516677972,26.0
89635.73565796338,43160.304871366,0.0,0.0,0.0,0.7584336162267188,0.450034392986052,26.0
89635.63834423148,43160.43542979978,0.0,0.0,0.0,0.7635556264776806,0.4477963343047775,26.0
89635.54103049959,43160.565988233546,0.0,0.0,0.0,0.770763979769916,0.4446466495378736,26.0
89635.4437167677,43160.69654666732,0.0,0.0,0.0,0.7830782499778197,0.4392659380609328,26.0
89635.3464030358,43160.827105101096,0.0,0.0,0.0,0.7900079450201547,0.4362380128151429,26.0
89635.24908930392,43160.95766353487,0.0,0.0,0.0,0.8008859546795566,0.4314848743479483,26.0
89635.15177557203,43161.08822196865,0.0,0.0,0.0,0.8062534127722514,0.429139567409432,26.0
89635.05446184013,43161.21878040242,0.0,0.0,0.0,0.8062534127722514,0.429139567409432,26.0
89634.95714810824,43161.34933883619,0.0,0.0,0.0,0.8122085564492658,0.4265374716791323,26.0
89634.85983437634,43161.47989726996,0.0,0.0,0.0,0.8145592710589248,0.4255103286275623,26.0
89634.76252064446,43161.61045570373,0.0,0.0,0.0,0.8316605221163312,0.4180379493244371,26.0
89634.66520691257,43161.74101413751,0.0,0.0,0.0,0.839000957941658,0.4148305511900571,26.0
89634.56789318068,43161.87157257128,0.0,0.0,0.0,0.8477871113268987,0.4109914478116219,26.0
89634.4705794488,43162.00213100506,0.0,0.0,0.0,0.8582784500651067,0.4064072649242823,26.0
89634.3732657169,43162.132689438826,0.0,0.0,0.0,0.86254266238925,0.4045440204278359,26.0
89634.27595198501,43162.2632478726,0.0,0.0,0.0,0.8636876823652864,0.4040437047759647,26.0
89634.17863825311,43162.393806306376,0.0,0.0,0.0,0.869492712148568,0.4015072012031555,26.0
89634.08132452122,43162.524364740144,0.0,0.0,0.0,0.8758894842203062,0.3987121362646191,28.0
89633.98401078934,43162.65492317392,0.0,0.0,0.0,0.8785418043476656,0.3975532068998368,28.0
89633.88669705745,43162.785481607694,0.0,0.0,0.0,0.8860860000093014,0.394256776052088,28.0
89633.78938332555,43162.91604004147,0.0,0.0,0.0,0.890525289982125,0.3923170315034497,28.0
89633.69206959366,43163.04659847524,0.0,0.0,0.0,0.9041206155232544,0.386376563823526,28.0
89633.59475586178,43163.17715690901,0.0,0.0,0.0,0.9058277510295796,0.3856306321965196,28.0
89633.49744212988,43163.30771534279,0.0,0.0,0.0,0.9058277510295796,0.3856306321965196,28.0
89633.40012839799,43163.43827377656,0.0,0.0,0.0,0.9241885063020742,0.3776079134359226,28.0
89633.3028146661,43163.56883221033,0.0,0.0,0.0,0.9215067887885556,0.3816321746864601,28.0
89633.20550093421,43163.699390644106,0.0,0.0,0.0,0.9176821983409602,0.3873714634295311,28.0
89633.10818720232,43163.82994907788,0.0,0.0,0.0,0.9152252203021778,0.3910584742593631,28.0
89633.01087347043,43163.96050751165,0.0,0.0,0.0,0.9095107865069624,0.399633715452711,28.0
89632.91355973853,43164.091065945424,0.0,0.0,0.0,0.9077609946727768,0.4022595026354856,28.0
89632.81624600664,43164.2216243792,0.0,0.0,0.0,0.9064073939638312,0.4042907541950739,28.0
89632.71893227476,43164.352182812974,0.0,0.0,0.0,0.9058163112161464,0.4051777497064869,28.0
89632.62161854286,43164.48274124674,0.0,0.0,0.0,0.9028791098629144,0.4095853972425348,28.0
89632.52430481097,43164.61329968052,0.0,0.0,0.0,0.9025981370926424,0.410007032939122,28.0
89632.42699107908,43164.74385811429,0.0,0.0,0.0,0.8991464507712628,0.4151867311892604,28.0
89632.3296773472,43164.87441654806,0.0,0.0,0.0,0.8967961315163269,0.418713686827336,28.0
89632.2323636153,43165.00497498184,0.0,0.0,0.0,0.8961827065769099,0.4196342096644225,30.0
89632.1350498834,43165.13553341561,0.0,0.0,0.0,0.8961827065769099,0.4196342096644225,30.0
89632.03773615151,43165.266091849386,0.0,0.0,0.0,0.893056574536283,0.4243253719407402,30.0
89631.94042241963,43165.39665028316,0.0,0.0,0.0,0.8926401924888795,0.4249502066335587,30.0
89631.84310868774,43165.52720871693,0.0,0.0,0.0,0.8926381596961821,0.4249532570998519,30.0
89631.74579495584,43165.657767150704,0.0,0.0,0.0,0.8911249930953168,0.4272239577559697,30.0
89631.64848122395,43165.78832558448,0.0,0.0,0.0,0.890682652104317,0.4278877471747401,30.0
89631.55116749207,43165.91888401825,0.0,0.0,0.0,0.890682652104317,0.4278877471747401,30.0
89631.45385376018,43166.04944245202,0.0,0.0,0.0,0.8856879805701653,0.4353828927345258,30.0
89631.35654002828,43166.1800008858,0.0,0.0,0.0,0.8856879805701653,0.4353828927345258,30.0
89631.2592262964,43166.31055931957,0.0,0.0,0.0,0.8856879805701653,0.4353828927345258,30.0
89631.16191256451,43166.44111775334,0.0,0.0,0.0,0.8856879805701653,0.4353828927345258,30.0
89631.06459883261,43166.57167618712,0.0,0.0,0.0,0.8850084197950279,0.4364026608797481,30.0
89630.96728510072,43166.70223462089,0.0,0.0,0.0,0.8813553155963546,0.4418846125009715,30.0
89630.86997136883,43166.832793054666,0.0,0.0,0.0,0.8811282455198521,0.4422253602886931,30.0
89630.77265763693,43166.96335148843,0.0,0.0,0.0,0.8767086621038509,0.4488575123311337,30.0
89630.67534390505,43167.09390992221,0.0,0.0,0.0,0.8755656867992743,0.4505726934437388,30.0
89630.57803017316,43167.224468355984,0.0,0.0,0.0,0.8745132963980784,0.4521519402848473,30.0
89630.48071644126,43167.35502678975,0.0,0.0,0.0,0.8739670521633023,0.4529716498539042,30.0
89630.39886512932,43167.45840115062,0.0,0.0,0.0,0.871651510398886,0.456446417404762,30.0
89630.2847810175,43167.57409293791,0.0,0.0,0.0,0.8685860835855084,0.4610464836978175,30.0
89630.17069690568,43167.6897847252,0.0,0.0,0.0,0.8685860835855084,0.4610464836978175,30.0
89630.05661279387,43167.80547651248,0.0,0.0,0.0,0.8685860835855084,0.4610464836978175,30.0
89629.94252868205,43167.92116829977,0.0,0.0,0.0,0.8685860835855084,0.4610464836978175,30.0
89629.82844457023,43168.03686008706,0.0,0.0,0.0,0.8685860835855084,0.4610464836978175,30.0
89629.71436045841,43168.15255187435,0.0,0.0,0.0,0.8682101485835497,0.4616106224087282,30.0
89629.6002763466,43168.26824366164,0.0,0.0,0.0,0.8674435520760492,0.4627609988389005,30.0
89629.48619223478,43168.383935448925,0.0,0.0,0.0,0.8674435520760492,0.4627609988389005,30.0
89629.37210812296,43168.49962723621,0.0,0.0,0.0,0.8672007654617507,0.4631253313083515,32.0
89629.25802401114,43168.61531902351,0.0,0.0,0.0,0.8656133531124148,0.4655074472373613,32.0
89629.12448048903,43168.72629194776,0.0,0.0,0.0,0.864506002283961,0.4671691692521647,32.0
89629.02940202504,43168.86017927956,0.0,0.0,0.0,0.862711332133923,0.4698623021067202,32.0
89628.93831637212,43168.99681781844,0.0,0.0,0.0,0.857383462807592,0.4778574537100483,32.0
89628.84797000924,43169.13394629375,0.0,0.0,0.0,0.8567270020739631,0.4788425572787593,32.0
89628.75678586858,43169.270519242986,0.0,0.0,0.0,0.856657203416544,0.4789472991208717,32.0
89628.66580474147,43169.40722730643,0.0,0.0,0.0,0.8556419831497281,0.4804707674056233,32.0
89628.5760794344,43169.54476307695,0.0,0.0,0.0,0.8522643174803437,0.4855393881690157,32.0
89628.4864046657,43169.68233099925,0.0,0.0,0.0,0.8520383198106456,0.4858785266727146,32.0
89628.39375417859,43169.81791118837,0.0,0.0,0.0,0.8503256808057206,0.4884485612676844,32.0
89628.29579229253,43169.94970597038,0.0,0.0,0.0,0.8487603899592858,0.4907974810429307,32.0
89628.19363363448,43170.07827619337,0.0,0.0,0.0,0.8487401344814518,0.49082787698663,32.0
89628.09007921553,43170.20572495584,0.0,0.0,0.0,0.8451204910989032,0.4962596163595226,32.0
89627.98800992208,43170.3343662279,0.0,0.0,0.0,0.8419822655133578,0.50096892655185,32.0
89627.88807423352,43170.46467193535,0.0,0.0,0.0,0.8418448710321074,0.5011751046016057,32.0
89627.79028229487,43170.59659399666,0.0,0.0,0.0,0.8392450486766856,0.5050764716585249,32.0
89627.69437710858,43170.72989393733,0.0,0.0,0.0,0.8376509104050254,0.5074686806970614,32.0
89627.60073634551,43170.86479405155,0.0,0.0,0.0,0.8370596923718001,0.5083558792217882,32.0
89627.50878639876,43171.00085236482,0.0,0.0,0.0,0.8362577857177267,0.5095592430579373,32.0
89627.4172109911,43171.13716326148,0.0,0.0,0.0,0.8354961693616466,0.5107021461318434,32.0
89627.3245780324,43171.27275756748,0.0,0.0,0.0,0.83539651826319,0.5108516853924371,32.0
89627.23044570333,43171.4073151248,0.0,0.0,0.0,0.833251718761492,0.5140702322682154,32.0
89627.13498067166,43171.54093049973,0.0,0.0,0.0,0.8301021675953815,0.5187965379474936,32.0
89627.03804139279,43171.67348005421,0.0,0.0,0.0,0.8286414953593289,0.5209884640730642,32.0
89626.93870536228,43171.804242178194,0.0,0.0,0.0,0.8275249149955379,0.5226640361899871,32.0
89626.83661905784,43171.93286803714,0.0,0.0,0.0,0.8268391866090846,0.5236930596274247,32.0
89626.73232995659,43172.0597150289,0.0,0.0,0.0,0.8262458984639647,0.5245833646206889,32.0
89626.62743914091,43172.18606618241,0.0,0.0,0.0,0.8259334753200356,0.5250521956387014,32.0
89626.52209334054,43172.31203825896,0.0,0.0,0.0,0.825789470863827,0.5252682928040827,32.0
89626.41481525874,43172.43636747028,0.0,0.0,0.0,0.8208773124030069,0.5326396169091492,32.0
89626.3023555103,43172.55601911066,0.0,0.0,0.0,0.8165861308397988,0.5390790854947799,32.0
89626.18207896099,43172.66778942898,0.0,0.0,0.0,0.8132918925729477,0.5440225127351579,32.0
89626.05271641244,43172.7688826392,0.0,0.0,0.0,0.8130968306620673,0.5443152281630337,32.0
89625.91528504847,43172.85870264565,0.0,0.0,0.0,0.8123265739168035,0.545471097249656,32.0
89625.79063666263,43172.92855957625,0.0,0.0,0.0,0.8121204331781146,0.5457804378803083,34.0
89625.48741468991,43173.1421722089,0.0,0.0,0.0,0.8088217947501397,0.550730468127087,34.0
89625.1174953987,43173.45188562895,0.0,0.0,0.0,0.8031611420590905,0.5592250038723717,34.0
89624.7117048257,43173.71509231891,0.0,0.0,0.0,0.8001120559003053,0.5638005489163571,34.0
89624.30458535343,43173.97503446999,0.0,0.0,0.0,0.7974500401024656,0.5677952452143685,34.0
89623.85871167712,43174.14130676539,0.0,0.0,0.0,0.7951047659727455,0.5713146299946606,34.0
89623.40612388815,43174.30898641275,0.0,0.0,0.0,0.7902705747818806,0.578568954206297,34.0
89622.95809984312,43174.47227711782,0.0,0.0,0.0,0.789762975536801,0.5793306720093389,34.0
89622.54287793871,43174.72057966881,0.0,0.0,0.0,0.7853047240952048,0.5860208503861164,34.0
89622.11357692316,43174.94299346863,0.0,0.0,0.0,0.781178033487843,0.5922134791848049,34.0
89621.69037770663,43175.171074630445,0.0,0.0,0.0,0.776653258554548,0.5990034845972582,34.0
89621.27029450814,43175.40506680903,0.0,0.0,0.0,0.7736028385123965,0.6035810313044003,34.0
89620.85217933604,43175.64141441455,0.0,0.0,0.0,0.7680450305523856,0.6119212353335917,34.0
89620.46261756806,43175.9241272809,0.0,0.0,0.0,0.7673375839020938,0.612982849812835,34.0
89620.12829085618,43176.272698235065,0.0,0.0,0.0,0.7633056952258263,0.6190332161488086,34.0
89619.8436641223,43176.66352249558,0.0,0.0,0.0,0.7579893619157151,0.6270363667096785,34.0
89619.60066588414,43177.06768209518,0.0,0.0,0.0,0.7505030831219939,0.6383061296895219,34.0
89619.44473737747,43177.5199468588,0.0,0.0,0.0,0.7431318822138476,0.6494026556673265,34.0
89619.35121324012,43177.99450293837,0.0,0.0,0.0,0.7280838034917931,0.6720558703247627,34.0
89619.32831711102,43178.31487137842,0.0,0.0,0.0,0.7186550507677422,0.6862498125119983,34.0
89619.40256159371,43178.62974059214,0.0,0.0,0.0,0.7186550507677422,0.6862498125119983,34.0
89619.51213483771,43178.934143918406,0.0,0.0,0.0,0.7186550507677422,0.6862498125119983,34.0
89619.59000108545,43179.248148390594,0.0,0.0,0.0,0.7186550507677422,0.6862498125119983,34.0
89619.62377583722,43179.569889737104,0.0,0.0,0.0,0.6934386219285018,0.7165287055471148,34.0
89619.61853906138,43179.89337120027,0.0,0.0,0.0,0.6780175724580781,0.7350456934354862,34.0
89619.61449592706,43180.2168697769,0.0,0.0,0.0,0.6657042768308765,0.7448329845664367,34.0
89619.61566290393,43180.53478493923,0.0,0.0,0.0,0.656241358167538,0.7523546378029591,34.0
89619.62696534056,43180.85933630785,0.0,0.0,0.0,0.6369323217664762,0.7677025321796542,34.0
89619.63894226392,43181.18425972947,0.0,0.0,0.0,0.626985148960647,0.7756090974996204,34.0
89619.65225986192,43181.50689365118,0.0,0.0,0.0,0.6157945795540534,0.7845039834846108,34.0
89619.67252632957,43181.82923695634,0.0,0.0,0.0,0.6008993280086266,0.7963435565572962,40.0
89619.71152014472,43182.15593043767,0.0,0.0,0.0,0.5891460115300122,0.8056857451648916,40.0
89619.78509723225,43182.4948870306,0.0,0.0,0.0,0.5777089631379817,0.8147765463346682,40.0
89619.90942768106,43182.85398271965,0.0,0.0,0.0,0.5630982111452201,0.826389983364424,40.0
89620.09161013782,43183.23787587092,0.0,0.0,0.0,0.5321140263768925,0.8419934618654457,40.0
89620.321496399,43183.64190811833,0.0,0.0,0.0,0.4973314448680806,0.8595097937244516,40.0
89620.57268862105,43184.050385586845,0.0,0.0,0.0,0.4528610755982038,0.8819048464270911,40.0
89620.8148188689,43184.43930264799,0.0,0.0,0.0,0.4077711054284753,0.9046119270043492,40.0
89621.03229613144,43184.78793251285,0.0,0.0,0.0,0.3885274829947638,0.9143029177846888,40.0
89621.23173978098,43185.08789055928,0.0,0.0,0.0,0.3589577042662104,0.9291941085686592,40.0
89621.43110139109,43185.34716836863,0.0,0.0,0.0,0.3489011546077368,0.9342585360358894,40.0
89621.63838052291,43185.58402713063,0.0,0.0,0.0,0.3286829582510043,0.9444403173072232,40.0
89621.93544202093,43185.81301771773,0.0,0.0,0.0,0.2997115076348211,0.951294957002984,40.0
89622.28534669268,43186.0638861282,0.0,0.0,0.0,0.2711434238903881,0.9580541601737436,40.0
89622.65733538453,43186.33482212829,0.0,0.0,0.0,0.2366119685377488,0.9662242959307836,40.0
89623.01327735605,43186.613165791,0.0,0.0,0.0,0.2010609964554119,0.974635649151818,40.0
89623.34418573795,43186.877494683285,0.0,0.0,0.0,0.1737241445083082,0.98110354311392,40.0
89623.67447074241,43187.11505809549,0.0,0.0,0.0,0.1532638264920126,0.9859444504582024,40.0
89624.0379566668,43187.31449446808,0.0,0.0,0.0,0.1293825700730211,0.9915947511767595,40.0
89624.43968890562,43187.47075840654,0.0,0.0,0.0,0.0859106701251338,0.9928084170457584,40.0
89624.84603149568,43187.5796454155,0.0,0.0,0.0,0.0501541166132287,0.993806682790813,40.0
89625.22820553403,43187.65503975173,0.0,0.0,0.0,0.0382297322865932,0.9941395925160242,40.0
89625.56706045136,43187.721858339406,0.0,0.0,0.0,0.0082333744690334,0.9949770428165882,40.0
89625.87559790666,43187.79580969498,0.0,0.0,0.0,-0.0126213536749321,0.9955592734480057,40.0
89626.15908853174,43187.89279435478,0.0,0.0,0.0,-0.0332821465042125,0.996136089715834,40.0
89626.42634594369,43187.99203733329,0.0,0.0,0.0,-0.0443784345916118,0.9964458803194284,40.0
89626.72153989175,43188.07988145761,0.0,0.0,0.0,-0.0738566810990154,0.9972688657814592,40.0
89627.05197485957,43188.11060410365,0.0,0.0,0.0,-0.0907008604326976,0.994425525709088,40.0
89627.42277298326,43188.093395502096,0.0,0.0,0.0,-0.1138866597457783,0.990511704145516,40.0
89627.80113919867,43188.05348262538,0.0,0.0,0.0,-0.145371893755893,0.9851969170148704,40.0
89628.14422602352,43188.02573295572,0.0,0.0,0.0,-0.1652248134929456,0.9818456939529636,40.0
89628.42929081181,43188.01311946951,0.0,0.0,0.0,-0.1822267455241077,0.9789757248262834,40.0
89628.67146974699,43188.00302868054,0.0,0.0,0.0,-0.1964977147911736,0.976566749121098,40.0
89628.91112598492,43187.98789249709,0.0,0.0,0.0,-0.2064045761252062,0.974894445872334,40.0
89629.16811713019,43187.96629626799,0.0,0.0,0.0,-0.2263269941954262,0.9715314913160192,40.0
89629.43772176169,43187.94470003888,0.0,0.0,0.0,-0.2463986360745189,0.9681433474033628,40.0
89629.69975830145,43187.928149204265,0.0,0.0,0.0,-0.2575909540408127,0.9662540558240074,40.0
89629.96496548515,43187.91695036923,0.0,0.0,0.0,-0.2640608554900259,0.964347247562494,40.0
89630.24026345782,43187.90070613971,0.0,0.0,0.0,-0.2686730600222544,0.9629879394223502,40.0
89630.56349267806,43187.87689381847,0.0,0.0,0.0,-0.274660008451829,0.9612234669931516,40.0
89630.92676108085,43187.84662145157,0.0,0.0,0.0,-0.2825049332022947,0.9589114120967114,40.0
89631.30264296982,43187.82139447916,0.0,0.0,0.0,-0.2921574307010919,0.9560666296654144,40.0
89631.63476066636,43187.80439420853,0.0,0.0,0.0,-0.299053210657218,0.9540343065623292,40.0
89631.9063336291,43187.78739393789,0.0,0.0,0.0,-0.3031825519620142,0.9528173077909567,40.0
89632.12997534424,43187.75778018105,0.0,0.0,0.0,-0.3076126376067317,0.9515116736985572,40.0
89632.32762406842,43187.69909953444,0.0,0.0,0.0,-0.3055768829641185,0.952143568939469,40.0
89632.51518200363,43187.622760007136,0.0,0.0,0.0,-0.3043545139316037,0.9525229904857182,40.0
89632.72544421401,43187.52119350742,0.0,0.0,0.0,-0.3028081981435086,0.9530029646274892,40.0
89632.9751912409,43187.41019482879,0.0,0.0,0.0,-0.3005974996176969,0.9536891621919256,40.0
89633.2425971485,43187.28910536121,0.0,0.0,0.0,-0.2972571063692784,0.954726015333393,40.0
89633.4797306892,43187.18567477432,0.0,0.0,0.0,-0.2951380134737327,0.955383778645197,40.0
89633.66641028506,43187.099903068105,0.0,0.0,0.0,-0.2941624557817671,0.9556865903150732,40.0
89633.82029481679,43187.03179024259,0.0,0.0,0.0,-0.2926952109088013,0.9561420209613174,40.0
89633.9489523761,43186.97629090328,0.0,0.0,0.0,-0.2913133037980182,0.9565709628919448,40.0
89634.05995105473,43186.93088235293,0.0,0.0,0.0,-0.2904286666879924,0.9568455529471794,40.0
89634.15329085266,43186.89051919706,0.0,0.0,0.0,-0.2901781897597848,0.9569233006165594,40.0
89634.2466306506,43186.847633343954,0.0,0.0,0.0,-0.288963251171805,0.9573004157637754,40.0
89634.35311429884,43186.78925838237,0.0,0.0,0.0,-0.288003229736011,0.9575984050026324,40.0
89634.47982546328,43186.707253162014,0.0,0.0,0.0,-0.2876043970864701,0.9577222020692778,40.0
89634.65703651082,43186.553686435305,0.0,0.0,0.0,-0.2852386745802094,0.958456518848782,45.0
89634.86098243807,43186.301514382656,0.0,0.0,0.0,-0.2774263353103048,0.9602572546589196,45.0
89635.08758670221,43185.96954200188,0.0,0.0,0.0,-0.2568190072320402,0.9650072216457268,45.0
89635.2838726612,43185.61074593504,0.0,0.0,0.0,-0.2374339485540472,0.9694754568486644,45.0
89635.45037067913,43185.32568114675,0.0,0.0,0.0,-0.2312266010821489,0.9709062437733535,45.0
89635.56136935775,43185.10116109226,0.0,0.0,0.0,-0.2154908688531728,0.974533313149694,45.0
89635.65975455016,43184.93466307432,0.0,0.0,0.0,-0.2154908688531728,0.974533313149694,45.0
89635.77327592603,43184.732847295,0.0,0.0,0.0,-0.2120203817841559,0.9753332566913004,45.0
89635.9473420357,43184.48814566259,0.0,0.0,0.0,-0.1930130087425702,0.9797144357607348,45.0
89636.1270236982,43184.21909870482,0.0,0.0,0.0,-0.1813328955018781,0.9824066893165936,45.0
89636.34706851658,43183.95761983879,0.0,0.0,0.0,-0.1704592753952614,0.9849130470713376,45.0
89636.63563243645,43183.57013360353,0.0,0.0,0.0,-0.1630970748177246,0.9866100263963982,45.0
89636.94297302734,43183.28290208795,0.0,0.0,0.0,-0.1395843674389727,0.9886615883449272,45.0
89637.277286958,43183.09258195144,0.0,0.0,0.0,-0.1373006853169191,0.9888608472081736,45.0
89637.63189531257,43182.94794068849,0.0,0.0,0.0,-0.1162213868564963,0.9907000861323212,45.0
89637.98983459763,43182.801940771744,0.0,0.0,0.0,-0.0886846954480023,0.9931027540757458,45.0
89638.3334422288,43182.66178659576,0.0,0.0,0.0,-0.078413986519247,0.9939989076017192,45.0
89638.65227986228,43182.531735858414,0.0,0.0,0.0,-0.0671317727239,0.9949833182927066,45.0
89638.94561105942,43182.4120889458,0.0,0.0,0.0,-0.0530351644892034,0.9962132942623716,45.0
89639.22095754005,43182.2997778223,0.0,0.0,0.0,-0.0418190472557072,0.997191937808426,45.0
89639.49335373826,43182.18867009,0.0,0.0,0.0,-0.035545251522247,0.9977393473598772,45.0
89639.78212723653,43182.07088221796,0.0,0.0,0.0,-0.017909402933338,0.9992781338259444,45.0
89640.1051345101,43181.93913072539,0.0,0.0,0.0,-0.0102366879383776,0.999947603737342,45.0
89640.47012085094,43181.79025638384,0.0,0.0,0.0,0.0048113587367243,0.9993228428343006,45.0
89640.87403984305,43181.62550179643,0.0,0.0,0.0,0.0210256401819773,0.9986496624982332,45.0
89641.30598666614,43181.449314932215,0.0,0.0,0.0,0.0297613579521656,0.9982869752311976,45.0
89641.75380061811,43181.26665602206,0.0,0.0,0.0,0.0405414225378288,0.9978394113027492,45.0
89642.20491926018,43181.15990990284,0.0,0.0,0.0,0.0620954608708367,0.9969445363236996,45.0
89642.65122519643,43181.20964832212,0.0,0.0,0.0,0.0748689737742583,0.996414208924479,45.0
89643.06402337454,43181.35798488422,0.0,0.0,0.0,0.0822519539450352,0.9961076842666134,45.0
89643.3533603724,43181.46402976809,0.0,0.0,0.0,0.0858272061921353,0.9959592478701343,45.0
89643.64169587148,43181.57275635407,0.0,0.0,0.0,0.0866881188431994,0.9959235047217424,45.0
89643.93540091811,43181.66547032936,0.0,0.0,0.0,0.0886061250323822,0.9958438734377184,45.0
89644.23095384434,43181.75270497578,0.0,0.0,0.0,0.0922190886567194,0.99569387135005,45.0
89644.52650677056,43181.83993962217,0.0,0.0,0.0,0.093089712933124,0.9956577249969132,45.0
89644.82205969677,43181.927174268574,0.0,0.0,0.0,0.1059869452019674,0.9938911341539994,45.0
89645.117612623,43182.014408914976,0.0,0.0,0.0,0.1243840832109387,0.9913711969407276,45.0
89645.41316554922,43182.101643561386,0.0,0.0,0.0,0.1362738922255399,0.9897425973085467,45.0
89645.70871847545,43182.18887820779,0.0,0.0,0.0,0.1579630629372384,0.9867717358422272,45.0
89646.00427140167,43182.27611285419,0.0,0.0,0.0,0.1780750612830549,0.9840169066378058,45.0
89646.2998243279,43182.36334750059,0.0,0.0,0.0,0.1851764499324374,0.9824938673847546,45.0
89646.59537725413,43182.450582147,0.0,0.0,0.0,0.1942273056151518,0.9805527247211048,45.0
89646.89093018035,43182.5378167934,0.0,0.0,0.0,0.1990707613532205,0.9795139457479054,45.0
89647.18648310658,43182.625051439805,0.0,0.0,0.0,0.21255449882768,0.9766220801614154,45.0
89647.4820360328,43182.71228608621,0.0,0.0,0.0,0.2224718024158298,0.9744951098750488,45.0
89647.77758895903,43182.79952073261,0.0,0.0,0.0,0.2265108501261957,0.973628852793292,45.0
89648.07314188524,43182.88675537901,0.0,0.0,0.0,0.2298223147836876,0.9729186409027076,45.0
89648.36869481146,43182.97399002542,0.0,0.0,0.0,0.2327394611292455,0.9722929987064356,45.0
89648.66424773769,43183.061224671816,0.0,0.0,0.0,0.2411108788165292,0.9704975755334584,50.0
89648.95980066391,43183.14845931822,0.0,0.0,0.0,0.2409953089293476,0.9705258374869068,50.0
89649.25535359014,43183.23569396462,0.0,0.0,0.0,0.2403407439329131,0.970685907604732,50.0
89649.55090651636,43183.32292861102,0.0,0.0,0.0,0.2386758007136842,0.9710930599253208,50.0
89649.84645944259,43183.41016325743,0.0,0.0,0.0,0.2378602368573904,0.971292501391458,50.0
89650.14201236881,43183.49739790383,0.0,0.0,0.0,0.237022076996186,0.9714974685810728,50.0
89650.43756529504,43183.584632550235,0.0,0.0,0.0,0.2361263937848062,0.9717165027762416,50.0
89650.73311822127,43183.67186719664,0.0,0.0,0.0,0.2352980559913494,0.9719190680354904,50.0
89651.02867114748,43183.75910184304,0.0,0.0,0.0,0.2347562978560023,0.9720515518820604,50.0
89651.31494194476,43183.8657300563,0.0,0.0,0.0,0.2339750928861401,0.9722425910794704,50.0
89651.56902178528,43184.040071962794,0.0,0.0,0.0,0.2325217071764683,0.9725637674979132,50.0
89651.82711162888,43184.208449658356,0.0,0.0,0.0,0.2272459451604762,0.9737296316849456,50.0
89652.14824100165,43184.410074465,0.0,0.0,0.0,0.2227917118916543,0.9747139503545648,50.0
89652.47088756398,43184.505305999795,0.0,0.0,0.0,0.2176102501565592,0.9758589755954904,50.0
89652.76772493937,43184.59291976094,0.0,0.0,0.0,0.2130904074391653,0.9768577929680816,50.0
89653.04101714054,43184.67358398862,0.0,0.0,0.0,0.211106715012516,0.9772961592081256,50.0
89653.2999269103,43184.750003134606,0.0,0.0,0.0,0.2070714063388959,0.9781879018325912,50.0
89653.56043133122,43184.82689295375,0.0,0.0,0.0,0.2043124278803877,0.9787975946443253,50.0
89653.81496231156,43184.90201966745,0.0,0.0,0.0,0.197824471675714,0.9802313355452864,50.0
89654.07807657673,43184.979679801545,0.0,0.0,0.0,0.1975077922537094,0.9803013169424316,50.0
89654.3514559249,43185.06036975132,0.0,0.0,0.0,0.173902688080672,0.9833298882946556,50.0
89654.63632354815,43185.14445055101,0.0,0.0,0.0,0.1370075235132905,0.9880635949381532,50.0
89654.94871556785,43185.2366553812,0.0,0.0,0.0,0.1189043619540958,0.990386258548572,50.0
89655.26110758753,43185.328860211404,0.0,0.0,0.0,0.104263867269864,0.9922646566466282,50.0
89655.57349960723,43185.4210650416,0.0,0.0,0.0,0.075373004069314,0.9959713990523724,50.0
89655.88589162692,43185.5132698718,0.0,0.0,0.0,0.0563639652051717,0.9984102881212464,50.0
89656.1982836466,43185.605474701995,0.0,0.0,0.0,0.0563639652051717,0.9984102881212464,50.0
89656.5106756663,43185.6976795322,0.0,0.0,0.0,0.0563639652051717,0.9984102881212464,50.0
89656.82306768598,43185.789884362384,0.0,0.0,0.0,0.0563639652051717,0.9984102881212464,50.0
89657.13545970568,43185.882089192586,0.0,0.0,0.0,0.0563639652051717,0.9984102881212464,50.0
89657.45534864669,43185.94106896426,0.0,0.0,0.0,0.0563639652051717,0.9984102881212464,50.0
89657.78040200986,43185.96061698169,0.0,0.0,0.0,0.0563639652051717,0.9984102881212464,50.0
89658.10382633212,43185.99780333198,0.0,0.0,0.0,0.0563639652051717,0.9984102881212464,50.0
89658.42427411494,43186.05297842776,0.0,0.0,0.0,0.0563639652051717,0.9984102881212464,50.0
89658.73392581537,43186.15400480597,0.0,0.0,0.0,0.0563639652051717,0.9984102881212464,50.0
89659.04357751581,43186.255031184184,0.0,0.0,0.0,0.0563639652051717,0.9984102881212464,50.0
89659.36496800114,43186.30206037451,0.0,0.0,0.0,0.0538624745768159,0.997929292989939,50.0
89659.68861481188,43186.33871070312,0.0,0.0,0.0,0.0403524996180316,0.99533154902656,50.0
89660.01314935845,43186.36229276523,0.0,0.0,0.0,0.0220241543185611,0.9918073124157836,50.0
89660.3387793949,43186.369748235564,0.0,0.0,0.0,-0.0827619432493982,0.9716586849583948,50.0
89660.66440943135,43186.3772037059,0.0,0.0,0.0,-0.1224705600705024,0.9580211803380464,50.0
89660.97267065855,43186.124495024276,0.0,0.0,0.0,-0.1627138115674811,0.9442000610907952,50.0
89661.18083602792,43185.94716896887,0.0,0.0,0.0,-0.1936750178078489,0.9335667621507482,50.0
89661.37184125389,43185.843125837775,0.0,0.0,0.0,-0.2355909365547671,0.919171183021096,50.0
89661.72523954822,43185.59094613932,0.0,0.0,0.0,-0.2750565855038268,0.9056171231475776,50.0
89662.05716060539,43185.10312276742,0.0,0.0,0.0,-0.3101103427660989,0.893578280828327,50.0
89662.19294649242,43184.690735999415,0.0,0.0,0.0,-0.3467871223445087,0.8809820286543095,50.0
89662.27844131016,43184.394018690735,0.0,0.0,0.0,-0.3742716359302246,0.8715427630485124,50.0
89662.44791774798,43184.05466554769,0.0,0.0,0.0,-0.4095038416182358,0.8594426345041215,50.0
89662.5261304189,43183.76788575429,0.0,0.0,0.0,-0.4592708324448058,0.842350687675657,50.0
89662.61361297319,43183.42108668395,0.0,0.0,0.0,-0.5136361831947623,0.8236794827485352,50.0
89662.75469289887,43183.109382217466,0.0,0.0,0.0,-0.538663555548665,0.815084096320214,50.0
89662.88354762351,43182.79709095096,0.0,0.0,0.0,-0.5778568965617443,0.8016235577282806,50.0
89662.9871184559,43182.47990796573,0.0,0.0,0.0,-0.6142195472422678,0.789135189803055,50.0
89663.07138567002,43182.14141026791,0.0,0.0,0.0,-0.6348019133772037,0.7705379868679908,50.0
89663.11721727572,43181.80821886585,0.0,0.0,0.0,-0.6542938082578348,0.7529260795533723,50.0
89663.13325524853,43181.468465750106,0.0,0.0,0.0,-0.6815308544408505,0.7283160385164731,50.0
89663.11481529335,43181.124426336486,0.0,0.0,0.0,-0.7037769516541126,0.7082155708794713,50.0
89663.03504896029,43180.78997490795,0.0,0.0,0.0,-0.7526212329920897,0.6497970740533576,50.0
89662.60453237683,43180.4022878108,0.0,0.0,0.0,-0.7723969778892743,0.622388313950422,50.0
89662.15849070495,43180.03294401611,0.0,0.0,0.0,-0.8101637406123394,0.570044387351311,50.0
89661.69860925009,43179.68093247127,0.0,0.0,0.0,-0.8355664594789303,0.5348367614946576,50.0
89661.22503987944,43179.347199246804,0.0,0.0,0.0,-0.8623031148303941,0.4977803281570963,8.333333333333334
89660.81196430331,43178.94458442208,0.0,0.0,0.0,-0.8827512274590364,0.4694396807372334,8.333333333333334
89660.34214664293,43178.606616295096,0.0,0.0,0.0,-0.8827512274590364,0.4694396807372334,8.333333333333334
89659.83885668775,43178.32047184734,0.0,0.0,0.0,-0.8833801489775472,0.4685680089436267,8.333333333333334
89659.32073495034,43178.061379687744,0.0,0.0,0.0,-0.8833801489775472,0.4685680089436267,8.333333333333334
89658.78241259603,43177.84768001128,0.0,0.0,0.0,-0.8834026524853108,0.4685368195624441,8.333333333333334
89658.27051493629,43177.69546098052,0.0,0.0,0.0,-0.8835584750190753,0.4683208528583435,8.333333333333334
89657.84179409358,43177.3819600626,0.0,0.0,0.0,-0.9801747389059944,0.198135007534171,8.333333333333334
89657.3597537762,43177.153424738295,0.0,0.0,0.0,-0.9847417462446609,0.16508099701025794,8.333333333333334
89656.8676086958,43176.98655707386,0.0,0.0,0.0,-0.9876907477264651,0.14373740835663126,8.333333333333334
89656.40852111058,43176.710009315204,0.0,0.0,0.0,-0.9908641983671345,0.12076935442211986,8.333333333333332
89655.94602330687,43176.43878752253,0.0,0.0,0.0,-0.9971781210849404,0.0750719310362241,8.333333333333334
89655.48265186959,43176.16913967039,0.0,0.0,0.0,-0.9971968519960812,0.07482142817505451,8.333333333333334
89655.0137229699,43175.90916841897,0.0,0.0,0.0,-0.9972020464940372,0.07475195816419575,8.333333333333334
89654.51865326334,43175.703863515446,0.0,0.0,0.0,-0.9972173482680036,0.07454731578824544,8.333333333333334
89654.02280160954,43175.49987800025,0.0,0.0,0.0,-0.997253919602884,0.07405821923787,8.333333333333334
89653.51883933887,43175.32096748523,0.0,0.0,0.0,-0.9978619485388598,0.06288113090156255,8.333333333333334
89652.99753676729,43175.19557612436,0.0,0.0,0.0,-0.9984303622596149,0.0524322690258461,8.333333333333334
89652.50696933018,43174.9805417868,0.0,0.0,0.0,-0.9994026571253026,0.0345590643809228,8.333333333333334
89652.01719242198,43174.76257031993,0.0,0.0,0.0,-0.9989190412112808,0.039005128423915195,8.333333333333336
89651.51675955468,43174.5700961402,0.0,0.0,0.0,-0.9907855240223029,0.11377962874223382,8.333333333333336
89651.01520619661,43174.3805903358,0.0,0.0,0.0,-0.9877885158055166,0.14133225900700735,8.333333333333336
89650.51241248546,43174.19437044278,0.0,0.0,0.0,-0.9834601309586624,0.1811247382738496,8.333333333333334
89649.9946709539,43174.05751874066,0.0,0.0,0.0,-0.9619552291851692,0.2638339801144408,8.333333333333334
89649.48107642816,43173.90607999086,0.0,0.0,0.0,-0.950196147239373,0.30906016913507495,8.333333333333334
89649.03207198801,43173.616409049864,0.0,0.0,0.0,-0.94713302688933,0.3208411279363292,8.333333333333334
89648.59531528072,43173.30804167071,0.0,0.0,0.0,-0.9408348512992989,0.3337546578276429,8.333333333333334
89648.11086112028,43173.08030976082,0.0,0.0,0.0,-0.9124736265558036,0.3919053902491231,8.333333333333334
89647.59976647534,43172.918255361205,0.0,0.0,0.0,-0.8964450521871055,0.42476974457943917,8.333333333333334
89647.07123903831,43172.83188272193,0.0,0.0,0.0,-0.8834111476264203,0.4514939464913947,8.333333333333334
89646.56661899816,43172.65741735686,0.0,0.0,0.0,-0.843338785903039,0.5336567305442078,8.333333333333334
89646.06820626398,43172.45977092779,0.0,0.0,0.0,-0.8359515075847935,0.5488033135529622,8.333333333333334
89645.58316211546,43172.231311677504,0.0,0.0,0.0,-0.7624059527365921,0.631465322718042,8.333333333333334
89645.18852310692,43171.875654780575,0.0,0.0,0.0,-0.7602524056275645,0.6338858161283005,8.333333333333334
89645.11006921102,43171.38798311842,0.0,0.0,0.0,-0.7400991585750217,0.6565371904499961,8.333333333333334
89645.13563510525,43170.85254818812,0.0,0.0,0.0,-0.7184375973547115,0.6808838443819573,8.333333333333334
89645.08423154968,43170.33982814029,0.0,0.0,0.0,-0.6655945394052164,0.740277146255168,8.333333333333334
89645.09187340655,43169.74264499586,0.0,0.0,0.0,-0.6572294852555428,0.7496791037795068,8.333333333333334
89645.08469249186,43169.144668322275,0.0,0.0,0.0,-0.6423205122637059,0.7664361418443747,8.333333333333334
89645.06361454475,43168.54704014955,0.0,0.0,0.0,-0.6395174036252913,0.768341470952861,8.333333333333334
89645.02790221597,43167.949849158096,0.0,0.0,0.0,-0.5326501276759552,0.8409812997559567,8.333333333333334
89645.11373113764,43167.35802567688,0.0,0.0,0.0,-0.4887261035257825,0.8708373390932391,8.333333333333334
89645.17635434338,43166.76404235369,0.0,0.0,0.0,-0.4763055946031944,0.8792798078823927,8.333333333333334
89645.23416719171,43166.17035511724,0.0,0.0,0.0,-0.4670970733915558,0.8837895466599832,8.333333333333334
89645.22157849463,43165.57694579623,0.0,0.0,0.0,-0.4568274850024749,0.8888189275913752,8.333333333333334
89645.46563408159,43165.041637819806,0.0,0.0,0.0,-0.45202081375798897,0.8911729246343522,8.333333333333334
89645.82576481704,43164.540586361756,0.0,0.0,0.0,-0.4365126830124979,0.8987678051785261,8.333333333333334
89646.01365911381,43164.211771342416,0.0,0.0,0.0,-0.42938775331617235,0.9022571354412957,8.333333333333334
89646.53036842991,43163.83598274888,0.0,0.0,0.0,-0.4190505610548333,0.9073196243818056,8.333333333333334
89646.91550453255,43163.497472782175,0.0,0.0,0.0,-0.40299760713906424,0.9151813241167551,8.333333333333334
89647.3403951793,43163.21147130163,0.0,0.0,0.0,-0.4026007258922369,0.9153756909111384,8.333333333333334
89647.69153402679,43162.83692319763,0.0,0.0,0.0,-0.35020771093090985,0.9323970099720199,8.333333333333332
89648.0646147902,43162.484692222984,0.0,0.0,0.0,-0.24967932303320856,0.9650564354001208,8.333333333333334
89648.43134114906,43162.12611322343,0.0,0.0,0.0,-0.24967932303320856,0.9650564354001208,8.333333333333334
89648.79804343783,43161.77161682339,0.0,0.0,0.0,-0.2122591553610985,0.9772134111673833,8.333333333333334
89649.2659818239,43161.56276026156,0.0,0.0,0.0,-0.21221782364516403,0.9772220242042566,8.333333333333334
89649.75557925238,43161.40913022599,0.0,0.0,0.0,-0.20892627225309138,0.9779079442748277,8.333333333333334
89650.23522388823,43161.22611506549,0.0,0.0,0.0,-0.20581073044163634,0.9785571860470592,8.333333333333334
89650.71101653298,43161.03322615544,0.0,0.0,0.0,-0.20389372363031288,0.978956667413346,8.333333333333334
89651.27944316821,43160.62691283589,0.0,0.0,0.0,-0.19934386832318388,0.9799048030192097,8.333333333333334
89651.71977691527,43160.44128194252,0.0,0.0,0.0,-0.1957375553750827,0.9806563156456936,8.333333333333334
89652.15721768119,43160.24896916417,0.0,0.0,0.0,-0.16790895683242552,0.9841505634911135,8.333333333333334
89652.6206940646,43160.140254286714,0.0,0.0,0.0,-0.1495073103369236,0.9864611330844952,8.333333333333334
89653.07851548212,43160.00491520054,0.0,0.0,0.0,-0.12122431992424144,0.990012435826531,8.333333333333334
89653.54225044852,43159.899329775886,0.0,0.0,0.0,-0.06739672053458856,0.9967712013785623,8.333333333333334
89654.39491252127,43159.585834298116,0.0,0.0,0.0,-0.0527849396953557,0.9986059033178992,8.333333333333334
89654.83491269503,43159.46247642962,0.0,0.0,0.0,-0.0527849396953557,0.9986059033178992,8.333333333333334
89655.27908993064,43159.35570367305,0.0,0.0,0.0,-0.0527849396953557,0.9986059033178992,8.333333333333334
89655.72743335235,43159.32219490581,0.0,0.0,0.0,-0.0527849396953557,0.9986059033178992,8.333333333333334
89656.1645635852,43159.45232947954,0.0,0.0,0.0,-0.05278493969535569,0.9986059033178992,8.333333333333334
89656.58645709942,43159.62743653085,0.0,0.0,0.0,-0.05278493969535569,0.9986059033178993,8.333333333333334
89657.02062089223,43159.768718863255,0.0,0.0,0.0,-0.0527849396953557,0.9986059033178992,8.333333333333334
89657.46496411652,43159.87520108485,0.0,0.0,0.0,0.1411861230448185,0.9899830698853256,8.333333333333334
89657.90020801687,43160.01028966876,0.0,0.0,0.0,0.17625487017201869,0.9810225619426638,8.333333333333334
89658.30723047772,43160.21798734841,0.0,0.0,0.0,0.27568911048570516,0.9556158573098579,8.333333333333334
89658.70903617903,43160.435649979445,0.0,0.0,0.0,0.29381959073475067,0.9509832905493009,8.333333333333334
89659.11266330484,43160.64984529192,0.0,0.0,0.0,0.3510208237493732,0.9363676528449236,8.333333333333334
89659.5053502832,43160.88355973462,0.0,0.0,0.0,0.3510208237493732,0.9363676528449235,8.333333333333334
89659.89353058758,43161.12468991372,0.0,0.0,0.0,0.3510208237493732,0.9363676528449236,8.333333333333334
89660.28536255864,43161.35984074442,0.0,0.0,0.0,0.3510208237493732,0.9363676528449236,8.333333333333334
89660.70856885555,43161.53209251793,0.0,0.0,0.0,0.3510208237493732,0.9363676528449236,8.333333333333334
89661.11585254267,43161.739195793976,0.0,0.0,0.0,0.42681858631933306,0.9060485478169397,8.333333333333334
89661.50480299881,43161.978938607215,0.0,0.0,0.0,0.4510208237493732,0.8963676528449236,8.333333333333334
89661.83204200967,43162.296920439214,0.0,0.0,0.0,0.4808203973509426,0.8780841162039853,8.333333333333334
89662.13198005538,43162.64154753376,0.0,0.0,0.0,0.517088216864185,0.8558319854915383,8.333333333333334
89662.24332014525,43163.12092212626,0.0,0.0,0.0,0.5354900752916257,0.8445415201540828,8.333333333333334
89662.39037702547,43163.60436674822,0.0,0.0,0.0,0.5354900752916257,0.8445415201540828,8.333333333333334
89662.51450806907,43164.09416869766,0.0,0.0,0.0,0.5354900752916257,0.8445415201540828,8.333333333333334
89662.71476400072,43164.5577961077,0.0,0.0,0.0,0.5354900752916257,0.8445415201540828,8.333333333333334
89662.81016269088,43165.05363939174,0.0,0.0,0.0,0.5354900752916257,0.8445415201540828,8.333333333333334
89662.9466962041,43165.54011858384,0.0,0.0,0.0,0.5276465037481199,0.849358379535409,8.333333333333334
89663.1886491358,43165.983200773364,0.0,0.0,0.0,0.519230844335844,0.8545265669823165,8.333333333333334
89663.46555811747,43166.40588685593,0.0,0.0,0.0,0.519230844335844,0.8545265669823165,8.333333333333334
89663.69860472575,43166.90672222744,0.0,0.0,0.0,0.5110277742991312,0.8595641999844318,8.333333333333334
89663.85471703944,43167.47222754672,0.0,0.0,0.0,0.4247248455299929,0.9053224870671908,8.333333333333334
89664.10135679052,43168.00277602521,0.0,0.0,0.0,0.4247248455299929,0.9053224870671908,8.333333333333334
89664.4202354967,43168.48259192146,0.0,0.0,0.0,0.4247248455299929,0.9053224870671908,8.333333333333334
89664.85997267417,43168.869859457096,0.0,0.0,0.0,0.4247248455299929,0.9053224870671908,8.333333333333334
89665.27158511123,43169.28790333849,0.0,0.0,0.0,0.4247248455299929,0.9053224870671908,8.333333333333334
89665.76126938297,43169.603107685434,0.0,0.0,0.0,0.11221051395473,0.9936844572388236,8.333333333333334
89666.2459983027,43169.93222107096,0.0,0.0,0.0,0.11221051395472999,0.9936844572388235,8.333333333333334
89666.76263125754,43170.20008720735,0.0,0.0,0.0,0.11221051395473,0.9936844572388236,8.333333333333334
89667.28437043107,43170.46629138725,0.0,0.0,0.0,0.11221051395473,0.9936844572388235,8.333333333333334
89667.81953843357,43170.7012032554,0.0,0.0,0.0,0.11221051395473,0.9936844572388236,8.333333333333334
89668.37941307608,43170.8751163263,0.0,0.0,0.0,0.11221051395473,0.9936844572388236,8.333333333333334
89668.95071816078,43171.00374124076,0.0,0.0,0.0,0.0206178450037677,0.9881641595689884,8.333333333333334
89669.53527435617,43171.04841687925,0.0,0.0,0.0,-0.030630355043755525,0.9850754263488977,8.333333333333334
89670.10799528733,43171.17146652091,0.0,0.0,0.0,-0.0525805538573233,0.9837524860661134,8.333333333333334
89670.69187018165,43171.200586579806,0.0,0.0,0.0,-0.05619018010327395,0.9835349335962191,8.333333333333334
89671.26382709929,43171.09383028204,0.0,0.0,0.0,-0.0933739097463868,0.9812938671609286,8.333333333333334
89671.81421755296,43170.89719169631,0.0,0.0,0.0,-0.108780803502329,0.98036529241063,8.333333333333334
89672.32800276273,43170.61649165148,0.0,0.0,0.0,-0.1760790853124426,0.9763092194463278,8.333333333333334
89672.80525701444,43170.275689517024,0.0,0.0,0.0,-0.2307436264170336,0.9730145830705296,8.333333333333334
89673.25315194562,43169.89677578577,0.0,0.0,0.0,0.11221051395473,0.9936844572388236,8.333333333333334
89673.66397140124,43169.47817139223,0.0,0.0,0.0,-0.1064091769545569,0.9699307882816413,8.333333333333334
89674.05491084911,43169.041016869705,0.0,0.0,0.0,-0.323006029562265,0.9463969066234428,8.333333333333334
89674.43016692968,43168.590542645165,0.0,0.0,0.0,-0.4244761644169754,0.9054391121670484,8.333333333333334
89674.7713836858,43168.11330411941,0.0,0.0,0.0,-0.4244761644169754,0.9054391121670484,8.333333333333334
89675.11260044192,43167.63606559366,0.0,0.0,0.0,-0.4244761644169754,0.9054391121670484,8.333333333333334
89676.04069013154,43166.21402079774,0.0,0.0,0.0,-0.5091040737697995,0.8607049680761664,8.333333333333334
89676.94501858762,43164.64474494748,0.0,0.0,0.0,-0.6013346264321142,0.7989972885146418,8.333333333333334
89677.8493470437,43163.39464384643,0.0,0.0,0.0,-0.6013346264321142,0.7989972885146418,8.333333333333334
89678.43450075058,43162.14454274538,0.0,0.0,0.0,-0.7061737775748178,0.70803855535254,8.333333333333334
89679.17924183205,43161.18701849776,0.0,0.0,0.0,-0.7238848668356328,0.6873642349663868,8.333333333333334
89679.5516123728,43160.12310266708,0.0,0.0,0.0,-0.742571432860919,0.6655512314162035,8.333333333333334
89680.12018621962,43159.04444878659,0.0,0.0,0.0,-0.7610740055618591,0.643953004996914,8.333333333333334
89680.20153380721,43158.64833670019,0.0,0.0,0.0,-0.7748318579061952,0.6278933350916025,8.333333333333334
89680.29522250267,43157.66460539791,0.0,0.0,0.0,-0.7863878484614584,0.6144039190765495,8.333333333333334
89680.24837815494,43156.446652356986,0.0,0.0,0.0,-0.8080324855597675,0.5891379314558723,8.333333333333334
89680.10784511176,43155.22869931607,0.0,0.0,0.0,-0.8313234727460168,0.5517236908995312,8.333333333333334
89679.96731206858,43154.24496801379,0.0,0.0,0.0,-0.8519732683475026,0.5185522150022195,8.333333333333334
89679.66938166339,43153.16331442696,0.0,0.0,0.0,-0.8766700246874748,0.4788797710960814,8.333333333333334
89678.79495383914,43151.914131820886,0.0,0.0,0.0,-0.8853121205988576,0.4649972571110004,8.333333333333334
89678.07667384065,43150.97724486633,0.0,0.0,0.0,-0.9404983717076164,0.3397981942496489,8.333333333333334
89677.51454166792,43150.25896486784,0.0,0.0,0.0,-0.947071874975398,0.3175913077504449,8.333333333333334
89676.50083033672,43149.70106628419,0.0,0.0,0.0,-0.9535736947005397,0.2956265856239393,8.333333333333334
89674.95496686171,43148.90471237282,0.0,0.0,0.0,-0.965279107389764,0.256082865871037,8.333333333333334
89673.05229154929,43148.244465360505,0.0,0.0,0.0,-0.9739198258370324,0.2268924257033819,8.333333333333334
89671.1227492,43147.9789591,0.0,0.0,0.0,-0.9891849951871772,0.1466732603324272,8.333333333333334
89668.3292198,43147.9319041,0.0,0.0,0.0,-0.9971812764698786,0.0750300063834688,8.333333333333334
89664.41129858737,43147.39730918777,0.0,0.0,0.0,-0.9961427292799748,0.0877477230624392,8.333333333333334
89662.12397692096,43146.55015301503,0.0,0.0,0.0,-0.9961040565947388,0.0881856475595984,8.333333333333334
89659.66722402003,43145.19470313865,0.0,0.0,0.0,-0.9195406588245078,0.3929948813516408,8.333333333333334
89658.22659247309,43143.86474542671,0.0,0.0,0.0,-0.8258065686174717,0.5639534654811841,8.333333333333334
89657.0352283,43140.8154564,0.0,0.0,0.0,-0.7950627518188138,0.6065271804876474,8.333333333333334
89656.238542,43138.9077219,0.0,0.0,0.0,-0.7217227685043043,0.6921822342580619,8.333333333333334
89656.10369295724,43135.68197608961,0.0,0.0,0.0,-0.6670340049818302,0.7450272721168667,8.333333333333334
89656.39507132217,43133.05233313095,0.0,0.0,0.0,-0.7175954589268114,0.6964601620535226,8.333333333333334
89656.31182036076,43130.26800529235,0.0,0.0,0.0,-0.7714316591200658,0.6363121838431687,8.333333333333334
89655.68606231645,43128.47924662657,0.0,0.0,0.0,-0.8829995660205537,0.4693738024299116,8.333333333333334
89655.10683666558,43126.22556570897,0.0,0.0,0.0,-0.9546094490859496,0.2978603694952041,8.333333333333334
89652.59909746288,43123.89066061173,0.0,0.0,0.0,-0.9985232683338354,0.054325708425343,8.333333333333334
89650.50613029367,43122.12444658399,0.0,0.0,0.0,-0.9999794267115556,0.0064145267657653,8.333333333333334
89644.7379935176,43119.96258182089,0.0,0.0,0.0,-0.9999794267115556,0.0064145267657653,8.333333333333334
89641.55963836082,43121.139750397466,0.0,0.0,0.0,-0.9999794267115556,0.0064145267657653,8.333333333333334
89638.45976110914,43122.31691897405,0.0,0.0,0.0,-0.9999794267115556,0.0064145267657653,8.333333333333334
89635.41809237748,43123.70905588079,0.0,0.0,0.0,-0.9999794267115556,0.0064145267657653,8.333333333333334
